instance,solver,num_vars,num_clauses,runtime_seconds,result
random3sat1.cnf,DPLL,50,200,0.004,UNSAT
random3sat10.cnf,DPLL,50,200,0.0035,SAT
random3sat2.cnf,DPLL,50,200,0.0083,UNSAT
random3sat3.cnf,DPLL,50,200,0.0054,SAT
random3sat5.cnf,DPLL,50,200,0.003,SAT
random3sat4.cnf,DPLL,50,200,0.0061,SAT
random3sat7.cnf,DPLL,50,200,0.001,SAT
random3sat8.cnf,DPLL,50,200,0.003,SAT
random3sat9.cnf,DPLL,50,200,0.003,SAT
random3sat_bulk1.cnf,DPLL,80,400,0.003,UNSAT
random3sat_bulk11.cnf,DPLL,70,200,0.001,SAT
random3sat_bulk100.cnf,DPLL,80,400,0.0015,UNSAT
random3sat_bulk10.cnf,DPLL,50,200,0.0025,UNSAT
random3sat_bulk13.cnf,DPLL,70,300,0.001,SAT
random3sat_bulk12.cnf,DPLL,90,400,0.0022,UNSAT
random3sat_bulk14.cnf,DPLL,70,400,0.002,UNSAT
random3sat_bulk15.cnf,DPLL,80,200,0.0055,SAT
random3sat_bulk16.cnf,DPLL,90,250,0.0045,SAT
random3sat_bulk17.cnf,DPLL,50,200,0.003,SAT
random3sat_bulk18.cnf,DPLL,50,300,0.0,UNSAT
random3sat_bulk2.cnf,DPLL,60,300,0.001,UNSAT
random3sat_bulk19.cnf,DPLL,100,400,0.003,SAT
random3sat_bulk20.cnf,DPLL,60,300,0.0015,UNSAT
random3sat_bulk21.cnf,DPLL,90,400,0.0025,UNSAT
random3sat_bulk23.cnf,DPLL,60,300,0.0,UNSAT
random3sat_bulk22.cnf,DPLL,100,400,0.0054,SAT
random3sat_bulk24.cnf,DPLL,70,350,0.0044,UNSAT
random3sat_bulk25.cnf,DPLL,80,350,0.0025,UNSAT
random3sat_bulk26.cnf,DPLL,50,300,0.0023,UNSAT
random3sat_bulk27.cnf,DPLL,100,350,0.0023,SAT
random3sat_bulk28.cnf,DPLL,90,200,0.0,SAT
random3sat_bulk3.cnf,DPLL,50,350,0.0015,UNSAT
random3sat_bulk29.cnf,DPLL,90,400,0.0015,UNSAT
random3sat_bulk30.cnf,DPLL,100,350,0.0,SAT
random3sat_bulk31.cnf,DPLL,70,200,0.0034,SAT
random3sat_bulk33.cnf,DPLL,100,200,0.001,SAT
random3sat_bulk32.cnf,DPLL,50,350,0.0059,UNSAT
random3sat_bulk34.cnf,DPLL,90,350,0.002,SAT
random3sat_bulk35.cnf,DPLL,90,300,0.0,SAT
random3sat_bulk37.cnf,DPLL,50,200,0.0,SAT

random3sat_bulk38.cnf,DPLL,90,400,0.0025,UNSAT
random3sat_bulk39.cnf,DPLL,60,400,0.0012,UNSAT
random3sat_bulk4.cnf,DPLL,80,400,0.0022,UNSAT
random3sat_bulk40.cnf,DPLL,50,300,0.0012,UNSAT
random3sat_bulk41.cnf,DPLL,90,200,0.0022,SAT
random3sat_bulk43.cnf,DPLL,100,300,0.002,SAT
random3sat_bulk44.cnf,DPLL,60,200,0.003,SAT
random3sat_bulk42.cnf,DPLL,60,400,0.0045,UNSAT
random3sat_bulk45.cnf,DPLL,70,300,0.0055,SAT
random3sat_bulk47.cnf,DPLL,70,350,0.002,UNSAT
random3sat_bulk46.cnf,DPLL,60,300,0.001,UNSAT
random3sat_bulk48.cnf,DPLL,100,300,0.001,SAT
random3sat_bulk50.cnf,DPLL,80,300,0.0,SAT
random3sat_bulk49.cnf,DPLL,100,300,0.0,SAT
random3sat_bulk5.cnf,DPLL,90,250,0.001,SAT
random3sat_bulk51.cnf,DPLL,60,400,0.0,UNSAT
random3sat_bulk53.cnf,DPLL,90,300,0.0015,SAT
random3sat_bulk54.cnf,DPLL,70,200,0.0015,SAT
random3sat_bulk52.cnf,DPLL,50,350,0.001,UNSAT
random3sat_bulk55.cnf,DPLL,50,400,0.001,UNSAT
random3sat_bulk57.cnf,DPLL,60,250,0.001,UNSAT
random3sat_bulk59.cnf,DPLL,80,300,0.0005,SAT
random3sat_bulk58.cnf,DPLL,50,350,0.0035,UNSAT
random3sat_bulk6.cnf,DPLL,60,200,0.0015,SAT
random3sat_bulk60.cnf,DPLL,100,300,0.0012,SAT
random3sat_bulk62.cnf,DPLL,100,300,0.0012,SAT
random3sat_bulk61.cnf,DPLL,70,400,0.0012,UNSAT
random3sat_bulk66.cnf,DPLL,100,200,0.001,SAT
random3sat_bulk63.cnf,DPLL,90,350,0.002,SAT
random3sat_bulk64.cnf,DPLL,70,200,0.001,SAT
random3sat_bulk65.cnf,DPLL,60,350,0.0,UNSAT
random3sat_bulk67.cnf,DPLL,50,250,0.001,UNSAT
random3sat_bulk68.cnf,DPLL,70,300,0.0,SAT
random3sat_bulk7.cnf,DPLL,60,200,0.001,SAT
random3sat_bulk69.cnf,DPLL,90,350,0.001,SAT
random3sat_bulk73.cnf,DPLL,90,200,0.0,SAT
random3sat_bulk70.cnf,DPLL,90,200,0.001,SAT
random3sat_bulk71.cnf,DPLL,70,350,0.001,UNSAT
random3sat_bulk72.cnf,DPLL,70,300,0.002,SAT
random3sat_bulk75.cnf,DPLL,50,350,0.001,UNSAT
random3sat_bulk74.cnf,DPLL,90,250,0.0,SAT
random3sat_bulk76.cnf,DPLL,80,300,0.001,SAT
random3sat_bulk79.cnf,DPLL,90,200,0.001,SAT
random3sat_bulk78.cnf,DPLL,60,300,0.001,UNSAT
random3sat_bulk77.cnf,DPLL,80,350,0.002,UNSAT
random3sat_bulk8.cnf,DPLL,50,300,0.0025,UNSAT

random3sat_bulk81.cnf,DPLL,60,400,0.0,UNSAT
random3sat_bulk82.cnf,DPLL,50,200,0.002,SAT
random3sat_bulk83.cnf,DPLL,50,400,0.0013,UNSAT
random3sat_bulk85.cnf,DPLL,50,350,0.0,UNSAT
random3sat_bulk84.cnf,DPLL,80,300,0.001,SAT
random3sat_bulk86.cnf,DPLL,50,300,0.0032,UNSAT
random3sat_bulk87.cnf,DPLL,100,300,0.0015,SAT
random3sat_bulk88.cnf,DPLL,60,300,0.0025,UNSAT
random3sat_bulk89.cnf,DPLL,90,350,0.0,SAT
random3sat_bulk9.cnf,DPLL,50,250,0.001,UNSAT
random3sat_bulk90.cnf,DPLL,80,200,0.001,SAT
random3sat_bulk91.cnf,DPLL,70,250,0.001,SAT
random3sat_bulk92.cnf,DPLL,50,400,0.001,UNSAT
random3sat_bulk93.cnf,DPLL,80,400,0.001,UNSAT
random3sat_bulk94.cnf,DPLL,100,200,0.001,SAT
random3sat_bulk95.cnf,DPLL,80,400,0.001,UNSAT
random3sat_bulk96.cnf,DPLL,100,350,0.001,SAT
random3sat_bulk97.cnf,DPLL,90,300,0.0015,SAT
random3sat_bulk99.cnf,DPLL,50,200,0.001,SAT
random3sat_bulk98.cnf,DPLL,60,350,0.001,UNSAT
random3sat_realistic_1.cnf,DPLL,70,420,0.0,UNSAT
random3sat_realistic_10.cnf,DPLL,100,300,0.0024,SAT
random3sat_realistic_1000.cnf,DPLL,60,240,0.0024,UNSAT
random3sat_realistic_100.cnf,DPLL,60,180,0.0024,UNSAT
random3sat_realistic_101.cnf,DPLL,80,480,0.0,UNSAT
random3sat_realistic_102.cnf,DPLL,70,350,0.0012,UNSAT
random3sat_realistic_103.cnf,DPLL,60,300,0.0,UNSAT
random3sat_realistic_104.cnf,DPLL,60,360,0.0,UNSAT
random3sat_realistic_105.cnf,DPLL,90,540,0.0,UNSAT
random3sat_realistic_107.cnf,DPLL,90,450,0.0,UNSAT
random3sat_realistic_106.cnf,DPLL,80,480,0.0,UNSAT
random3sat_realistic_108.cnf,DPLL,150,450,0.0026,SAT
random3sat_realistic_109.cnf,DPLL,50,150,0.0,SAT
random3sat_realistic_110.cnf,DPLL,90,360,0.0025,UNSAT
random3sat_realistic_111.cnf,DPLL,50,150,0.0035,UNSAT
random3sat_realistic_11.cnf,DPLL,150,750,0.003,UNSAT
random3sat_realistic_112.cnf,DPLL,120,360,0.002,UNSAT
random3sat_realistic_113.cnf,DPLL,60,300,0.001,UNSAT
random3sat_realistic_115.cnf,DPLL,70,350,0.001,UNSAT
random3sat_realistic_116.cnf,DPLL,120,480,0.001,UNSAT
random3sat_realistic_117.cnf,DPLL,100,400,0.001,UNSAT
random3sat_realistic_119.cnf,DPLL,90,270,0.0,SAT
random3sat_realistic_12.cnf,DPLL,90,360,0.0,UNSAT
random3sat_realistic_123.cnf,DPLL,70,420,0.0032,UNSAT
random3sat_realistic_120.cnf,DPLL,100,500,0.0077,UNSAT
random3sat_realistic_122.cnf,DPLL,100,600,0.0065,UNSAT
random3sat_realistic_121.cnf,DPLL,150,750,0.0085,UNSAT
random3sat_realistic_124.cnf,DPLL,50,150,0.006,UNSAT
random3sat_realistic_125.cnf,DPLL,90,450,0.003,UNSAT
random3sat_realistic_126.cnf,DPLL,50,200,0.003,SAT
random3sat_realistic_128.cnf,DPLL,150,900,0.0015,UNSAT
random3sat_realistic_127.cnf,DPLL,120,480,0.0015,UNSAT
random3sat_realistic_129.cnf,DPLL,100,500,0.0,UNSAT
random3sat_realistic_13.cnf,DPLL,100,300,0.001,UNSAT
random3sat_realistic_130.cnf,DPLL,90,360,0.0014,UNSAT
random3sat_realistic_132.cnf,DPLL,60,180,0.001,UNSAT
random3sat_realistic_133.cnf,DPLL,90,450,0.0036,UNSAT
random3sat_realistic_135.cnf,DPLL,60,360,0.0,UNSAT
random3sat_realistic_134.cnf,DPLL,120,600,0.005,UNSAT
random3sat_realistic_136.cnf,DPLL,120,600,0.002,UNSAT
random3sat_realistic_138.cnf,DPLL,80,240,0.002,UNSAT
random3sat_realistic_14.cnf,DPLL,90,270,0.001,SAT
random3sat_realistic_140.cnf,DPLL,70,280,0.001,UNSAT
random3sat_realistic_139.cnf,DPLL,120,480,0.0025,UNSAT
random3sat_realistic_143.cnf,DPLL,90,270,0.0,SAT
AT
random3sat_realistic_142.cnf,DPLL,120,360,0.001,SAT
random3sat_realistic_144.cnf,DPLL,50,300,0.001,UNSAT
random3sat_realistic_146.cnf,DPLL,80,320,0.0,UNSAT

random3sat_realistic_147.cnf,DPLL,60,360,0.0,UNSAT
random3sat_realistic_148.cnf,DPLL,120,480,0.001,UNSAT
random3sat_realistic_149.cnf,DPLL,50,300,0.001,UNSAT
random3sat_realistic_15.cnf,DPLL,100,600,0.0013,UNSAT
random3sat_realistic_150.cnf,DPLL,120,720,0.0013,UNSAT
random3sat_realistic_151.cnf,DPLL,120,360,0.0003,SAT
random3sat_realistic_153.cnf,DPLL,120,480,0.001,UNSAT
random3sat_realistic_152.cnf,DPLL,70,280,0.001,UNSAT
random3sat_realistic_154.cnf,DPLL,100,600,0.001,UNSAT
random3sat_realistic_155.cnf,DPLL,90,540,0.0025,UNSAT
random3sat_realistic_156.cnf,DPLL,100,400,0.0,UNSAT
random3sat_realistic_158.cnf,DPLL,50,150,0.001,SAT
random3sat_realistic_157.cnf,DPLL,60,360,0.001,UNSAT
random3sat_realistic_16.cnf,DPLL,80,320,0.001,UNSAT

random3sat_realistic_159.cnf,DPLL,120,720,0.001,UNSAT
random3sat_realistic_161.cnf,DPLL,50,150,0.0,SAT
random3sat_realistic_162.cnf,DPLL,60,300,0.001,UNSAT
random3sat_realistic_163.cnf,DPLL,60,360,0.0,UNSAT
random3sat_realistic_164.cnf,DPLL,60,180,0.001,UNSAT
random3sat_realistic_165.cnf,DPLL,90,360,0.001,UNSAT
random3sat_realistic_168.cnf,DPLL,80,480,0.001,UNSAT
random3sat_realistic_169.cnf,DPLL,50,150,0.001,SAT
T
random3sat_realistic_166.cnf,DPLL,100,300,0.0,SAT
random3sat_realistic_170.cnf,DPLL,50,150,0.001,SAT

random3sat_realistic_171.cnf,DPLL,120,360,0.0,SAT
random3sat_realistic_172.cnf,DPLL,100,500,0.0,UNSAT
random3sat_realistic_174.cnf,DPLL,150,600,0.002,UNSAT
random3sat_realistic_175.cnf,DPLL,120,360,0.0,SAT
random3sat_realistic_176.cnf,DPLL,80,480,0.0,UNSAT
random3sat_realistic_178.cnf,DPLL,80,480,0.0015,UNSAT
random3sat_realistic_177.cnf,DPLL,80,480,0.0,UNSAT
random3sat_realistic_18.cnf,DPLL,90,360,0.0,UNSAT
random3sat_realistic_179.cnf,DPLL,150,750,0.0,UNSAT
random3sat_realistic_181.cnf,DPLL,120,360,0.0041,UNSAT
random3sat_realistic_180.cnf,DPLL,70,420,0.0041,UNSAT
random3sat_realistic_183.cnf,DPLL,50,200,0.0023,UNSAT
random3sat_realistic_182.cnf,DPLL,90,360,0.0023,UNSAT
random3sat_realistic_185.cnf,DPLL,60,240,0.0,UNSAT
random3sat_realistic_184.cnf,DPLL,150,450,0.0037,SAT
random3sat_realistic_187.cnf,DPLL,50,150,0.0013,UNSAT
random3sat_realistic_188.cnf,DPLL,90,270,0.001,SAT
random3sat_realistic_186.cnf,DPLL,100,400,0.001,UNSAT
random3sat_realistic_189.cnf,DPLL,50,200,0.0,UNSAT
random3sat_realistic_19.cnf,DPLL,120,600,0.0,UNSAT
random3sat_realistic_190.cnf,DPLL,70,210,0.001,SAT
random3sat_realistic_191.cnf,DPLL,120,480,0.0013,UNSAT
random3sat_realistic_192.cnf,DPLL,90,360,0.0,UNSAT
random3sat_realistic_193.cnf,DPLL,70,280,0.001,UNSAT
random3sat_realistic_194.cnf,DPLL,120,480,0.0,UNSAT
random3sat_realistic_195.cnf,DPLL,50,250,0.001,UNSAT
random3sat_realistic_198.cnf,DPLL,50,250,0.0,UNSAT
random3sat_realistic_197.cnf,DPLL,60,180,0.002,UNSAT
random3sat_realistic_196.cnf,DPLL,120,720,0.0035,UNSAT
random3sat_realistic_199.cnf,DPLL,80,480,0.004,UNSAT
random3sat_realistic_20.cnf,DPLL,150,750,0.001,UNSAT
random3sat_realistic_2.cnf,DPLL,80,320,0.003,SAT
random3sat_realistic_201.cnf,DPLL,80,480,0.001,UNSAT
random3sat_realistic_200.cnf,DPLL,150,900,0.001,UNSAT
random3sat_realistic_202.cnf,DPLL,70,350,0.0,UNSAT
random3sat_realistic_204.cnf,DPLL,80,480,0.002,UNSAT
random3sat_realistic_203.cnf,DPLL,50,300,0.004,UNSAT
random3sat_realistic_205.cnf,DPLL,70,420,0.0048,UNSAT
random3sat_realistic_206.cnf,DPLL,80,240,0.0058,SAT
random3sat_realistic_208.cnf,DPLL,80,240,0.001,SAT
random3sat_realistic_207.cnf,DPLL,150,450,0.0,UNSAT
random3sat_realistic_209.cnf,DPLL,90,540,0.001,UNSAT
random3sat_realistic_21.cnf,DPLL,80,240,0.002,UNSAT
random3sat_realistic_211.cnf,DPLL,60,300,0.0,UNSAT
random3sat_realistic_210.cnf,DPLL,100,300,0.0,SAT
random3sat_realistic_212.cnf,DPLL,150,450,0.001,UNSAT
random3sat_realistic_216.cnf,DPLL,80,240,0.0,SAT
random3sat_realistic_215.cnf,DPLL,120,360,0.0,UNSAT
random3sat_realistic_214.cnf,DPLL,150,900,0.0,UNSAT
random3sat_realistic_213.cnf,DPLL,150,750,0.0,UNSAT
random3sat_realistic_218.cnf,DPLL,60,360,0.002,UNSAT
random3sat_realistic_219.cnf,DPLL,60,180,0.001,SAT
random3sat_realistic_22.cnf,DPLL,70,210,0.001,UNSAT
random3sat_realistic_220.cnf,DPLL,60,360,0.001,UNSAT
random3sat_realistic_221.cnf,DPLL,120,720,0.0,UNSAT
random3sat_realistic_222.cnf,DPLL,90,270,0.002,SAT
random3sat_realistic_224.cnf,DPLL,60,180,0.0,SAT
random3sat_realistic_223.cnf,DPLL,120,600,0.0013,UNSAT
random3sat_realistic_225.cnf,DPLL,60,240,0.001,UNSAT
random3sat_realistic_227.cnf,DPLL,90,270,0.001,SAT
random3sat_realistic_226.cnf,DPLL,70,210,0.0,SAT
random3sat_realistic_229.cnf,DPLL,90,270,0.0,SAT
random3sat_realistic_228.cnf,DPLL,90,360,0.001,UNSAT
random3sat_realistic_23.cnf,DPLL,70,350,0.0,UNSAT
random3sat_realistic_230.cnf,DPLL,90,540,0.004,UNSAT
random3sat_realistic_231.cnf,DPLL,80,320,0.001,UNSAT
random3sat_realistic_232.cnf,DPLL,120,360,0.0015,SAT
random3sat_realistic_233.cnf,DPLL,120,720,0.004,UNSAT
random3sat_realistic_234.cnf,DPLL,120,360,0.004,UNSAT
random3sat_realistic_235.cnf,DPLL,90,360,0.002,UNSAT
random3sat_realistic_236.cnf,DPLL,90,270,0.003,SAT
random3sat_realistic_237.cnf,DPLL,100,600,0.002,UNSAT
random3sat_realistic_239.cnf,DPLL,60,240,0.001,UNSAT
random3sat_realistic_24.cnf,DPLL,80,240,0.0054,UNSAT
random3sat_realistic_240.cnf,DPLL,60,240,0.001,UNSAT
random3sat_realistic_241.cnf,DPLL,100,300,0.002,UNSAT
random3sat_realistic_242.cnf,DPLL,150,750,0.0015,UNSAT
random3sat_realistic_243.cnf,DPLL,120,600,0.0,UNSAT
random3sat_realistic_244.cnf,DPLL,70,420,0.0041,UNSAT
random3sat_realistic_246.cnf,DPLL,120,480,0.0,UNSAT
random3sat_realistic_245.cnf,DPLL,150,600,0.002,UNSAT
random3sat_realistic_247.cnf,DPLL,60,360,0.002,UNSAT
random3sat_realistic_248.cnf,DPLL,100,500,0.0,UNSAT
random3sat_realistic_25.cnf,DPLL,100,300,0.0059,UNSAT
random3sat_realistic_251.cnf,DPLL,60,180,0.002,SAT

random3sat_realistic_252.cnf,DPLL,120,480,0.003,UNSAT
random3sat_realistic_253.cnf,DPLL,60,240,0.0025,UNSAT
random3sat_realistic_255.cnf,DPLL,100,400,0.0025,UNSAT
random3sat_realistic_254.cnf,DPLL,60,180,0.0048,UNSAT
random3sat_realistic_256.cnf,DPLL,120,360,0.0033,SAT
random3sat_realistic_258.cnf,DPLL,90,270,0.0038,SAT
random3sat_realistic_257.cnf,DPLL,150,900,0.0063,UNSAT
random3sat_realistic_259.cnf,DPLL,70,280,0.0055,UNSAT
random3sat_realistic_26.cnf,DPLL,60,180,0.001,SAT
random3sat_realistic_260.cnf,DPLL,120,360,0.001,SAT
random3sat_realistic_261.cnf,DPLL,100,600,0.002,UNSAT
random3sat_realistic_262.cnf,DPLL,80,480,0.0,UNSAT
random3sat_realistic_264.cnf,DPLL,70,420,0.001,UNSAT
random3sat_realistic_263.cnf,DPLL,70,210,0.001,SAT
random3sat_realistic_268.cnf,DPLL,80,400,0.0,UNSAT
random3sat_realistic_267.cnf,DPLL,60,180,0.0,UNSAT
random3sat_realistic_265.cnf,DPLL,60,300,0.001,UNSAT
random3sat_realistic_266.cnf,DPLL,150,600,0.005,UNSAT
random3sat_realistic_270.cnf,DPLL,60,360,0.003,UNSAT
random3sat_realistic_269.cnf,DPLL,120,480,0.002,UNSAT
random3sat_realistic_27.cnf,DPLL,60,360,0.001,UNSAT
random3sat_realistic_273.cnf,DPLL,60,360,0.0,UNSAT
T
random3sat_realistic_271.cnf,DPLL,70,420,0.001,UNSAT
random3sat_realistic_276.cnf,DPLL,100,600,0.001,UNSAT
random3sat_realistic_278.cnf,DPLL,70,350,0.001,UNSAT
random3sat_realistic_275.cnf,DPLL,120,720,0.001,UNSAT
random3sat_realistic_277.cnf,DPLL,120,720,0.001,UNSAT
random3sat_realistic_279.cnf,DPLL,60,180,0.0035,SAT
random3sat_realistic_28.cnf,DPLL,150,750,0.005,UNSAT
random3sat_realistic_280.cnf,DPLL,80,400,0.007,UNSAT
random3sat_realistic_282.cnf,DPLL,50,250,0.001,UNSAT
random3sat_realistic_281.cnf,DPLL,100,400,0.001,UNSAT
random3sat_realistic_283.cnf,DPLL,120,480,0.0014,UNSAT
random3sat_realistic_284.cnf,DPLL,150,750,0.0,UNSAT
random3sat_realistic_286.cnf,DPLL,70,210,0.0011,UNSAT
random3sat_realistic_29.cnf,DPLL,50,250,0.003,UNSAT
random3sat_realistic_288.cnf,DPLL,60,360,0.002,UNSAT
random3sat_realistic_287.cnf,DPLL,80,240,0.0056,SAT
random3sat_realistic_289.cnf,DPLL,80,320,0.0055,UNSAT
random3sat_realistic_291.cnf,DPLL,80,480,0.001,UNSAT
random3sat_realistic_290.cnf,DPLL,50,250,0.002,UNSAT
random3sat_realistic_292.cnf,DPLL,60,300,0.002,UNSAT
random3sat_realistic_293.cnf,DPLL,50,300,0.002,UNSAT
random3sat_realistic_295.cnf,DPLL,60,240,0.0,UNSAT
random3sat_realistic_294.cnf,DPLL,80,400,0.001,UNSAT
random3sat_realistic_296.cnf,DPLL,70,210,0.0035,SAT
random3sat_realistic_297.cnf,DPLL,60,180,0.003,SAT
random3sat_realistic_298.cnf,DPLL,90,360,0.004,UNSAT
random3sat_realistic_299.cnf,DPLL,80,480,0.0053,UNSAT
random3sat_realistic_3.cnf,DPLL,60,240,0.0043,UNSAT
random3sat_realistic_300.cnf,DPLL,100,300,0.0025,UNSAT
random3sat_realistic_30.cnf,DPLL,120,720,0.0015,UNSAT
random3sat_realistic_301.cnf,DPLL,90,270,0.002,UNSAT
random3sat_realistic_302.cnf,DPLL,150,900,0.002,UNSAT
random3sat_realistic_303.cnf,DPLL,50,200,0.0,UNSAT
random3sat_realistic_304.cnf,DPLL,150,450,0.0025,UNSAT
random3sat_realistic_307.cnf,DPLL,50,300,0.001,UNSAT
random3sat_realistic_308.cnf,DPLL,50,300,0.001,UNSAT
random3sat_realistic_306.cnf,DPLL,90,360,0.001,UNSAT
random3sat_realistic_309.cnf,DPLL,70,420,0.001,UNSAT
random3sat_realistic_31.cnf,DPLL,50,200,0.0,UNSAT
random3sat_realistic_310.cnf,DPLL,70,210,0.003,SAT
random3sat_realistic_311.cnf,DPLL,60,360,0.0,UNSAT
random3sat_realistic_315.cnf,DPLL,150,600,0.001,UNSAT
random3sat_realistic_313.cnf,DPLL,60,360,0.002,UNSAT
random3sat_realistic_314.cnf,DPLL,150,750,0.0,UNSAT
random3sat_realistic_312.cnf,DPLL,90,360,0.0,UNSAT
random3sat_realistic_319.cnf,DPLL,60,300,0.001,UNSAT
random3sat_realistic_317.cnf,DPLL,80,320,0.001,UNSAT
random3sat_realistic_318.cnf,DPLL,50,150,0.002,SAT
random3sat_realistic_316.cnf,DPLL,80,320,0.0015,UNSAT
random3sat_realistic_322.cnf,DPLL,120,360,0.0005,SAT
random3sat_realistic_320.cnf,DPLL,100,600,0.0015,UNSAT
random3sat_realistic_32.cnf,DPLL,70,350,0.0045,UNSAT
random3sat_realistic_321.cnf,DPLL,120,360,0.004,UNSAT
random3sat_realistic_324.cnf,DPLL,70,350,0.001,UNSAT
random3sat_realistic_325.cnf,DPLL,50,200,0.002,UNSAT
random3sat_realistic_323.cnf,DPLL,60,240,0.002,UNSAT
random3sat_realistic_328.cnf,DPLL,50,200,0.0025,UNSAT
random3sat_realistic_327.cnf,DPLL,90,360,0.0015,UNSAT
random3sat_realistic_329.cnf,DPLL,60,180,0.0025,SAT
random3sat_realistic_326.cnf,DPLL,90,450,0.0025,UNSAT
random3sat_realistic_33.cnf,DPLL,60,360,0.002,UNSAT

random3sat_realistic_331.cnf,DPLL,90,540,0.003,UNSAT
random3sat_realistic_332.cnf,DPLL,70,210,0.0055,UNSAT
random3sat_realistic_335.cnf,DPLL,50,250,0.0009,UNSAT
random3sat_realistic_333.cnf,DPLL,100,500,0.0019,UNSAT
random3sat_realistic_334.cnf,DPLL,120,720,0.004,UNSAT
random3sat_realistic_336.cnf,DPLL,90,360,0.002,UNSAT
random3sat_realistic_337.cnf,DPLL,100,300,0.002,SAT
random3sat_realistic_340.cnf,DPLL,70,350,0.0,UNSAT
random3sat_realistic_34.cnf,DPLL,90,540,0.001,UNSAT
random3sat_realistic_339.cnf,DPLL,90,360,0.001,UNSAT
random3sat_realistic_338.cnf,DPLL,70,280,0.004,UNSAT
random3sat_realistic_341.cnf,DPLL,120,480,0.002,UNSAT
random3sat_realistic_343.cnf,DPLL,60,300,0.001,UNSAT

random3sat_realistic_347.cnf,DPLL,70,350,0.002,UNSAT
random3sat_realistic_346.cnf,DPLL,80,480,0.001,UNSAT
random3sat_realistic_345.cnf,DPLL,100,300,0.002,SAT
random3sat_realistic_348.cnf,DPLL,120,360,0.0035,UNSAT
random3sat_realistic_349.cnf,DPLL,100,500,0.0,UNSAT
random3sat_realistic_35.cnf,DPLL,50,250,0.001,UNSAT
random3sat_realistic_350.cnf,DPLL,80,320,0.001,UNSAT
random3sat_realistic_352.cnf,DPLL,50,150,0.001,SAT
random3sat_realistic_351.cnf,DPLL,120,600,0.001,UNSAT
random3sat_realistic_353.cnf,DPLL,50,150,0.0,SAT
random3sat_realistic_354.cnf,DPLL,120,720,0.0035,UNSAT
random3sat_realistic_357.cnf,DPLL,50,250,0.001,UNSAT
random3sat_realistic_355.cnf,DPLL,60,360,0.001,UNSAT
random3sat_realistic_356.cnf,DPLL,60,300,0.002,UNSAT
random3sat_realistic_359.cnf,DPLL,50,150,0.001,SAT
random3sat_realistic_358.cnf,DPLL,70,350,0.002,UNSAT
random3sat_realistic_360.cnf,DPLL,50,300,0.001,UNSAT
random3sat_realistic_36.cnf,DPLL,60,300,0.002,UNSAT
random3sat_realistic_361.cnf,DPLL,60,180,0.0025,SAT
random3sat_realistic_362.cnf,DPLL,80,320,0.0025,UNSAT
random3sat_realistic_363.cnf,DPLL,70,280,0.002,UNSAT
random3sat_realistic_364.cnf,DPLL,80,400,0.001,UNSAT
random3sat_realistic_366.cnf,DPLL,60,360,0.004,UNSAT
random3sat_realistic_365.cnf,DPLL,90,540,0.003,UNSAT
random3sat_realistic_367.cnf,DPLL,50,200,0.002,UNSAT
random3sat_realistic_368.cnf,DPLL,70,420,0.001,UNSAT
random3sat_realistic_371.cnf,DPLL,50,150,0.0015,UNSAT
random3sat_realistic_370.cnf,DPLL,120,360,0.002,SAT
random3sat_realistic_37.cnf,DPLL,100,600,0.003,UNSAT
random3sat_realistic_372.cnf,DPLL,70,280,0.001,UNSAT
random3sat_realistic_373.cnf,DPLL,100,500,0.0025,UNSAT
random3sat_realistic_374.cnf,DPLL,60,360,0.0025,UNSAT
random3sat_realistic_376.cnf,DPLL,80,320,0.001,UNSAT
random3sat_realistic_375.cnf,DPLL,50,150,0.002,UNSAT
random3sat_realistic_377.cnf,DPLL,70,350,0.0045,UNSAT
random3sat_realistic_38.cnf,DPLL,60,180,0.001,UNSAT
random3sat_realistic_378.cnf,DPLL,150,450,0.004,UNSAT
random3sat_realistic_379.cnf,DPLL,60,360,0.001,UNSAT
random3sat_realistic_382.cnf,DPLL,120,720,0.001,UNSAT
random3sat_realistic_383.cnf,DPLL,100,500,0.0015,UNSAT
random3sat_realistic_381.cnf,DPLL,150,900,0.0035,UNSAT
random3sat_realistic_386.cnf,DPLL,70,420,0.001,UNSAT
random3sat_realistic_384.cnf,DPLL,120,360,0.001,SAT
random3sat_realistic_385.cnf,DPLL,120,480,0.002,UNSAT
random3sat_realistic_387.cnf,DPLL,60,360,0.002,UNSAT
random3sat_realistic_389.cnf,DPLL,90,540,0.002,UNSAT
random3sat_realistic_388.cnf,DPLL,150,450,0.002,UNSAT
random3sat_realistic_39.cnf,DPLL,80,400,0.0025,UNSAT
random3sat_realistic_391.cnf,DPLL,70,280,0.0,UNSAT
random3sat_realistic_390.cnf,DPLL,90,360,0.001,UNSAT
random3sat_realistic_392.cnf,DPLL,90,540,0.003,UNSAT
random3sat_realistic_395.cnf,DPLL,150,750,0.001,UNSAT
random3sat_realistic_393.cnf,DPLL,50,300,0.002,UNSAT
random3sat_realistic_394.cnf,DPLL,120,720,0.002,UNSAT
random3sat_realistic_397.cnf,DPLL,50,200,0.001,UNSAT
random3sat_realistic_396.cnf,DPLL,90,360,0.0025,UNSAT
random3sat_realistic_398.cnf,DPLL,70,350,0.001,UNSAT
random3sat_realistic_399.cnf,DPLL,120,600,0.007,UNSAT
random3sat_realistic_4.cnf,DPLL,70,350,0.0085,UNSAT
random3sat_realistic_40.cnf,DPLL,70,420,0.0095,UNSAT
random3sat_realistic_400.cnf,DPLL,120,600,0.001,UNSAT
random3sat_realistic_401.cnf,DPLL,120,360,0.006,UNSAT
random3sat_realistic_403.cnf,DPLL,70,280,0.001,UNSAT
random3sat_realistic_404.cnf,DPLL,50,200,0.0045,UNSAT
random3sat_realistic_402.cnf,DPLL,90,540,0.0065,UNSAT
random3sat_realistic_405.cnf,DPLL,50,250,0.007,UNSAT
random3sat_realistic_408.cnf,DPLL,50,200,0.002,UNSAT
random3sat_realistic_407.cnf,DPLL,150,600,0.004,UNSAT
random3sat_realistic_406.cnf,DPLL,120,480,0.0045,UNSAT
random3sat_realistic_409.cnf,DPLL,100,600,0.002,UNSAT
random3sat_realistic_41.cnf,DPLL,150,750,0.003,UNSAT
random3sat_realistic_410.cnf,DPLL,100,400,0.001,UNSAT
random3sat_realistic_411.cnf,DPLL,120,360,0.0051,SAT
random3sat_realistic_412.cnf,DPLL,60,180,0.0046,UNSAT
random3sat_realistic_413.cnf,DPLL,60,360,0.0035,UNSAT
random3sat_realistic_414.cnf,DPLL,100,500,0.0096,UNSAT
random3sat_realistic_415.cnf,DPLL,90,450,0.0075,UNSAT
random3sat_realistic_416.cnf,DPLL,50,200,0.0138,SAT
random3sat_realistic_417.cnf,DPLL,60,240,0.0088,UNSAT
random3sat_realistic_419.cnf,DPLL,100,600,0.0042,UNSAT
random3sat_realistic_418.cnf,DPLL,100,300,0.01,SAT
random3sat_realistic_42.cnf,DPLL,70,420,0.0056,UNSAT
random3sat_realistic_420.cnf,DPLL,50,300,0.0061,UNSAT
random3sat_realistic_421.cnf,DPLL,150,450,0.0073,SAT
random3sat_realistic_422.cnf,DPLL,120,480,0.0108,UNSAT
random3sat_realistic_424.cnf,DPLL,70,210,0.007,UNSAT
random3sat_realistic_423.cnf,DPLL,90,540,0.004,UNSAT
random3sat_realistic_425.cnf,DPLL,90,450,0.0065,UNSAT
random3sat_realistic_428.cnf,DPLL,150,750,0.0025,UNSAT
random3sat_realistic_427.cnf,DPLL,100,400,0.0066,UNSAT
random3sat_realistic_426.cnf,DPLL,70,280,0.0111,UNSAT
random3sat_realistic_429.cnf,DPLL,100,400,0.0105,UNSAT
random3sat_realistic_43.cnf,DPLL,80,400,0.004,UNSAT
random3sat_realistic_430.cnf,DPLL,120,360,0.0045,SAT
random3sat_realistic_431.cnf,DPLL,150,450,0.0065,UNSAT
random3sat_realistic_433.cnf,DPLL,70,210,0.003,UNSAT
random3sat_realistic_434.cnf,DPLL,60,360,0.0071,UNSAT
random3sat_realistic_432.cnf,DPLL,90,540,0.0071,UNSAT
random3sat_realistic_435.cnf,DPLL,150,600,0.006,UNSAT
random3sat_realistic_436.cnf,DPLL,120,720,0.006,UNSAT
random3sat_realistic_437.cnf,DPLL,50,300,0.004,UNSAT
random3sat_realistic_438.cnf,DPLL,50,200,0.0075,UNSAT
random3sat_realistic_439.cnf,DPLL,80,400,0.0055,UNSAT
random3sat_realistic_44.cnf,DPLL,80,480,0.003,UNSAT
random3sat_realistic_440.cnf,DPLL,70,210,0.002,UNSAT
random3sat_realistic_441.cnf,DPLL,90,360,0.003,UNSAT
random3sat_realistic_442.cnf,DPLL,60,300,0.0015,UNSAT
random3sat_realistic_443.cnf,DPLL,120,360,0.0054,SAT
random3sat_realistic_447.cnf,DPLL,90,360,0.0012,UNSAT
random3sat_realistic_446.cnf,DPLL,80,240,0.0012,SAT
random3sat_realistic_445.cnf,DPLL,80,480,0.002,UNSAT
random3sat_realistic_45.cnf,DPLL,50,250,0.004,UNSAT
random3sat_realistic_448.cnf,DPLL,100,300,0.004,SAT
random3sat_realistic_449.cnf,DPLL,80,480,0.002,UNSAT
random3sat_realistic_450.cnf,DPLL,80,320,0.002,UNSAT
random3sat_realistic_451.cnf,DPLL,80,320,0.002,UNSAT
random3sat_realistic_453.cnf,DPLL,50,300,0.0031,UNSAT
random3sat_realistic_454.cnf,DPLL,80,240,0.001,UNSAT
random3sat_realistic_456.cnf,DPLL,120,600,0.0025,UNSAT
random3sat_realistic_457.cnf,DPLL,100,300,0.002,UNSAT
random3sat_realistic_459.cnf,DPLL,90,450,0.001,UNSAT
random3sat_realistic_458.cnf,DPLL,50,250,0.002,UNSAT
random3sat_realistic_46.cnf,DPLL,50,250,0.005,UNSAT
random3sat_realistic_461.cnf,DPLL,70,350,0.002,UNSAT
random3sat_realistic_460.cnf,DPLL,70,350,0.001,UNSAT
random3sat_realistic_462.cnf,DPLL,50,300,0.0027,UNSAT
random3sat_realistic_464.cnf,DPLL,50,250,0.0,UNSAT
random3sat_realistic_463.cnf,DPLL,60,360,0.0,UNSAT
random3sat_realistic_465.cnf,DPLL,100,500,0.002,UNSAT
random3sat_realistic_467.cnf,DPLL,150,750,0.0015,UNSAT
random3sat_realistic_466.cnf,DPLL,80,400,0.0025,UNSAT
random3sat_realistic_469.cnf,DPLL,70,210,0.003,SAT
random3sat_realistic_471.cnf,DPLL,60,240,0.0,SAT

random3sat_realistic_47.cnf,DPLL,90,450,0.001,UNSAT
random3sat_realistic_472.cnf,DPLL,50,300,0.002,UNSAT
random3sat_realistic_474.cnf,DPLL,120,360,0.001,SAT
random3sat_realistic_475.cnf,DPLL,90,360,0.0,UNSAT
random3sat_realistic_473.cnf,DPLL,150,600,0.001,UNSAT
random3sat_realistic_476.cnf,DPLL,90,360,0.0005,UNSAT
random3sat_realistic_479.cnf,DPLL,90,360,0.0032,UNSAT
random3sat_realistic_481.cnf,DPLL,50,200,0.001,UNSAT
random3sat_realistic_480.cnf,DPLL,120,600,0.002,UNSAT
random3sat_realistic_482.cnf,DPLL,50,150,0.0035,UNSAT
random3sat_realistic_483.cnf,DPLL,50,200,0.0035,UNSAT
random3sat_realistic_484.cnf,DPLL,60,180,0.0035,SAT
random3sat_realistic_487.cnf,DPLL,50,250,0.0036,UNSAT
random3sat_realistic_485.cnf,DPLL,150,900,0.0036,UNSAT
random3sat_realistic_486.cnf,DPLL,150,750,0.002,UNSAT
random3sat_realistic_488.cnf,DPLL,100,600,0.001,UNSAT
random3sat_realistic_49.cnf,DPLL,50,200,0.0025,SAT
random3sat_realistic_490.cnf,DPLL,60,240,0.0015,UNSAT
random3sat_realistic_489.cnf,DPLL,150,600,0.0035,UNSAT
random3sat_realistic_491.cnf,DPLL,70,350,0.002,UNSAT
random3sat_realistic_492.cnf,DPLL,50,250,0.005,UNSAT
random3sat_realistic_493.cnf,DPLL,90,540,0.004,UNSAT
random3sat_realistic_495.cnf,DPLL,80,240,0.001,SAT
random3sat_realistic_494.cnf,DPLL,150,750,0.0027,UNSAT
random3sat_realistic_497.cnf,DPLL,50,150,0.0037,UNSAT
random3sat_realistic_496.cnf,DPLL,80,400,0.0032,UNSAT
random3sat_realistic_498.cnf,DPLL,150,750,0.002,UNSAT
random3sat_realistic_499.cnf,DPLL,150,600,0.001,UNSAT
random3sat_realistic_5.cnf,DPLL,50,300,0.002,UNSAT
random3sat_realistic_50.cnf,DPLL,60,180,0.002,UNSAT
random3sat_realistic_501.cnf,DPLL,70,280,0.002,UNSAT
random3sat_realistic_500.cnf,DPLL,100,500,0.001,UNSAT
random3sat_realistic_502.cnf,DPLL,100,400,0.0045,UNSAT
random3sat_realistic_504.cnf,DPLL,120,480,0.002,UNSAT
random3sat_realistic_505.cnf,DPLL,150,750,0.002,UNSAT
random3sat_realistic_507.cnf,DPLL,90,450,0.002,UNSAT
random3sat_realistic_506.cnf,DPLL,100,300,0.002,SAT
random3sat_realistic_508.cnf,DPLL,100,300,0.0025,SAT
random3sat_realistic_509.cnf,DPLL,90,450,0.0035,UNSAT
random3sat_realistic_51.cnf,DPLL,150,450,0.0011,UNSAT
random3sat_realistic_510.cnf,DPLL,80,400,0.0021,UNSAT
random3sat_realistic_511.cnf,DPLL,70,280,0.0032,SAT
random3sat_realistic_513.cnf,DPLL,100,600,0.002,UNSAT
random3sat_realistic_512.cnf,DPLL,120,720,0.002,UNSAT
random3sat_realistic_514.cnf,DPLL,80,400,0.0045,UNSAT
random3sat_realistic_516.cnf,DPLL,70,280,0.001,UNSAT
random3sat_realistic_515.cnf,DPLL,80,480,0.001,UNSAT
random3sat_realistic_517.cnf,DPLL,60,360,0.002,UNSAT
random3sat_realistic_518.cnf,DPLL,70,350,0.002,UNSAT
random3sat_realistic_519.cnf,DPLL,60,240,0.001,UNSAT
random3sat_realistic_52.cnf,DPLL,70,420,0.002,UNSAT
random3sat_realistic_520.cnf,DPLL,100,600,0.0025,UNSAT
random3sat_realistic_521.cnf,DPLL,100,600,0.0015,UNSAT
random3sat_realistic_523.cnf,DPLL,60,180,0.002,SAT
random3sat_realistic_522.cnf,DPLL,150,750,0.004,UNSAT
random3sat_realistic_524.cnf,DPLL,90,270,0.0044,SAT
random3sat_realistic_526.cnf,DPLL,60,240,0.0024,UNSAT
random3sat_realistic_525.cnf,DPLL,90,360,0.0034,UNSAT
random3sat_realistic_527.cnf,DPLL,50,300,0.002,UNSAT
random3sat_realistic_528.cnf,DPLL,120,360,0.0021,SAT
random3sat_realistic_53.cnf,DPLL,80,240,0.0021,UNSAT
random3sat_realistic_529.cnf,DPLL,100,600,0.002,UNSAT
random3sat_realistic_532.cnf,DPLL,60,300,0.0,UNSAT
random3sat_realistic_530.cnf,DPLL,60,300,0.002,UNSAT
random3sat_realistic_531.cnf,DPLL,80,480,0.002,UNSAT
random3sat_realistic_533.cnf,DPLL,90,270,0.002,UNSAT
random3sat_realistic_534.cnf,DPLL,70,420,0.0,UNSAT
random3sat_realistic_536.cnf,DPLL,80,240,0.002,SAT
random3sat_realistic_535.cnf,DPLL,100,600,0.002,UNSAT
random3sat_realistic_537.cnf,DPLL,120,480,0.0036,UNSAT
random3sat_realistic_538.cnf,DPLL,90,270,0.002,SAT
random3sat_realistic_54.cnf,DPLL,90,540,0.001,UNSAT
random3sat_realistic_539.cnf,DPLL,100,600,0.001,UNSAT
random3sat_realistic_541.cnf,DPLL,70,420,0.001,UNSAT
random3sat_realistic_540.cnf,DPLL,50,300,0.001,UNSAT
random3sat_realistic_543.cnf,DPLL,70,280,0.001,UNSAT
random3sat_realistic_542.cnf,DPLL,150,450,0.0,UNSAT
random3sat_realistic_545.cnf,DPLL,50,200,0.0015,UNSAT
random3sat_realistic_544.cnf,DPLL,60,240,0.0015,UNSAT
random3sat_realistic_546.cnf,DPLL,50,150,0.001,SAT
random3sat_realistic_547.cnf,DPLL,90,360,0.0,UNSAT
random3sat_realistic_548.cnf,DPLL,60,180,0.0012,UNSAT
random3sat_realistic_549.cnf,DPLL,100,600,0.001,UNSAT
random3sat_realistic_550.cnf,DPLL,50,300,0.0,UNSAT
random3sat_realistic_55.cnf,DPLL,120,480,0.0022,UNSAT
random3sat_realistic_552.cnf,DPLL,50,150,0.002,SAT
random3sat_realistic_551.cnf,DPLL,150,900,0.0025,UNSAT
random3sat_realistic_553.cnf,DPLL,120,720,0.0015,UNSAT
random3sat_realistic_554.cnf,DPLL,60,180,0.002,SAT
random3sat_realistic_556.cnf,DPLL,50,150,0.0,SAT
random3sat_realistic_555.cnf,DPLL,80,480,0.001,UNSAT
random3sat_realistic_557.cnf,DPLL,100,400,0.001,UNSAT
random3sat_realistic_558.cnf,DPLL,70,280,0.001,UNSAT
random3sat_realistic_559.cnf,DPLL,150,600,0.0,UNSAT
random3sat_realistic_560.cnf,DPLL,60,180,0.001,SAT
random3sat_realistic_56.cnf,DPLL,80,400,0.001,UNSAT
random3sat_realistic_561.cnf,DPLL,90,450,0.001,UNSAT
random3sat_realistic_562.cnf,DPLL,60,240,0.001,UNSAT
random3sat_realistic_564.cnf,DPLL,90,270,0.0,UNSAT
random3sat_realistic_565.cnf,DPLL,50,300,0.001,UNSAT
random3sat_realistic_563.cnf,DPLL,150,900,0.001,UNSAT
random3sat_realistic_566.cnf,DPLL,120,600,0.002,UNSAT
random3sat_realistic_567.cnf,DPLL,80,400,0.002,UNSAT
random3sat_realistic_568.cnf,DPLL,100,600,0.001,UNSAT
random3sat_realistic_569.cnf,DPLL,120,720,0.001,UNSAT
random3sat_realistic_570.cnf,DPLL,50,200,0.0013,UNSAT
random3sat_realistic_571.cnf,DPLL,50,250,0.0,UNSAT
random3sat_realistic_572.cnf,DPLL,100,400,0.001,UNSAT
random3sat_realistic_574.cnf,DPLL,50,300,0.0,UNSAT
random3sat_realistic_576.cnf,DPLL,50,150,0.0,SAT
random3sat_realistic_575.cnf,DPLL,120,600,0.0,UNSAT
random3sat_realistic_573.cnf,DPLL,150,750,0.001,UNSAT
random3sat_realistic_577.cnf,DPLL,60,360,0.001,UNSAT
random3sat_realistic_578.cnf,DPLL,50,200,0.001,UNSAT
random3sat_realistic_58.cnf,DPLL,120,360,0.001,UNSAT
random3sat_realistic_579.cnf,DPLL,150,600,0.001,UNSAT
random3sat_realistic_580.cnf,DPLL,60,300,0.001,UNSAT
random3sat_realistic_581.cnf,DPLL,150,450,0.001,SAT
random3sat_realistic_583.cnf,DPLL,80,480,0.002,UNSAT
random3sat_realistic_582.cnf,DPLL,70,420,0.004,UNSAT
random3sat_realistic_585.cnf,DPLL,150,600,0.002,UNSAT
random3sat_realistic_586.cnf,DPLL,80,240,0.001,SAT
random3sat_realistic_587.cnf,DPLL,70,350,0.0025,UNSAT
random3sat_realistic_588.cnf,DPLL,60,180,0.001,SAT
random3sat_realistic_59.cnf,DPLL,150,450,0.001,UNSAT
random3sat_realistic_590.cnf,DPLL,120,480,0.0,UNSAT
random3sat_realistic_591.cnf,DPLL,60,180,0.0,UNSAT
random3sat_realistic_593.cnf,DPLL,70,350,0.0014,UNSAT
random3sat_realistic_594.cnf,DPLL,60,240,0.001,UNSAT
random3sat_realistic_592.cnf,DPLL,150,900,0.001,UNSAT
random3sat_realistic_595.cnf,DPLL,80,480,0.001,UNSAT
random3sat_realistic_597.cnf,DPLL,50,200,0.001,UNSAT
random3sat_realistic_598.cnf,DPLL,50,150,0.001,UNSAT
random3sat_realistic_596.cnf,DPLL,150,900,0.0,UNSAT
random3sat_realistic_599.cnf,DPLL,50,250,0.002,UNSAT
random3sat_realistic_6.cnf,DPLL,70,420,0.0,UNSAT
random3sat_realistic_60.cnf,DPLL,150,600,0.001,UNSAT
random3sat_realistic_600.cnf,DPLL,80,480,0.001,UNSAT
random3sat_realistic_602.cnf,DPLL,120,360,0.0,SAT

random3sat_realistic_603.cnf,DPLL,60,300,0.001,UNSAT
random3sat_realistic_604.cnf,DPLL,70,280,0.0035,UNSAT
random3sat_realistic_606.cnf,DPLL,60,180,0.005,SAT
random3sat_realistic_607.cnf,DPLL,80,480,0.003,UNSAT
random3sat_realistic_605.cnf,DPLL,150,750,0.006,UNSAT
random3sat_realistic_610.cnf,DPLL,70,350,0.0005,UNSAT
random3sat_realistic_608.cnf,DPLL,100,500,0.0037,UNSAT
random3sat_realistic_61.cnf,DPLL,80,240,0.0005,SAT
random3sat_realistic_609.cnf,DPLL,150,750,0.002,UNSAT
random3sat_realistic_613.cnf,DPLL,100,500,0.0,UNSAT

random3sat_realistic_611.cnf,DPLL,150,750,0.002,UNSAT
random3sat_realistic_615.cnf,DPLL,80,400,0.0015,UNSAT
random3sat_realistic_616.cnf,DPLL,100,300,0.0015,SAT
random3sat_realistic_614.cnf,DPLL,150,900,0.0015,UNSAT
random3sat_realistic_617.cnf,DPLL,60,240,0.002,UNSAT
random3sat_realistic_619.cnf,DPLL,80,240,0.0,SAT

random3sat_realistic_618.cnf,DPLL,50,250,0.003,UNSAT
random3sat_realistic_62.cnf,DPLL,120,600,0.001,UNSAT
random3sat_realistic_624.cnf,DPLL,100,400,0.001,UNSAT
random3sat_realistic_623.cnf,DPLL,100,600,0.0022,UNSAT
random3sat_realistic_621.cnf,DPLL,120,720,0.0032,UNSAT
random3sat_realistic_626.cnf,DPLL,120,720,0.0028,UNSAT
random3sat_realistic_627.cnf,DPLL,80,240,0.0028,SAT
random3sat_realistic_625.cnf,DPLL,100,500,0.0028,UNSAT
random3sat_realistic_628.cnf,DPLL,80,240,0.0035,UNSAT
random3sat_realistic_63.cnf,DPLL,50,200,0.0,UNSAT
random3sat_realistic_629.cnf,DPLL,120,720,0.002,UNSAT
random3sat_realistic_631.cnf,DPLL,50,300,0.0,UNSAT
random3sat_realistic_630.cnf,DPLL,150,900,0.0,UNSAT
random3sat_realistic_633.cnf,DPLL,50,150,0.0,SAT
random3sat_realistic_632.cnf,DPLL,150,750,0.002,UNSAT
random3sat_realistic_634.cnf,DPLL,70,420,0.0,UNSAT
random3sat_realistic_635.cnf,DPLL,70,350,0.0,UNSAT
random3sat_realistic_636.cnf,DPLL,90,360,0.0,UNSAT
random3sat_realistic_637.cnf,DPLL,120,360,0.0015,UNSAT
random3sat_realistic_638.cnf,DPLL,90,540,0.001,UNSAT
random3sat_realistic_640.cnf,DPLL,60,240,0.001,UNSAT
random3sat_realistic_64.cnf,DPLL,90,360,0.001,UNSAT
random3sat_realistic_642.cnf,DPLL,70,210,0.001,SAT

random3sat_realistic_643.cnf,DPLL,70,350,0.0012,UNSAT
random3sat_realistic_646.cnf,DPLL,50,200,0.0008,UNSAT
random3sat_realistic_644.cnf,DPLL,150,900,0.0,UNSAT
random3sat_realistic_647.cnf,DPLL,100,500,0.0,UNSAT
random3sat_realistic_648.cnf,DPLL,50,200,0.005,UNSAT
random3sat_realistic_65.cnf,DPLL,80,320,0.0025,UNSAT
random3sat_realistic_649.cnf,DPLL,120,480,0.0025,UNSAT
random3sat_realistic_651.cnf,DPLL,60,240,0.004,UNSAT
random3sat_realistic_652.cnf,DPLL,70,350,0.0,UNSAT
random3sat_realistic_650.cnf,DPLL,90,540,0.002,UNSAT
random3sat_realistic_653.cnf,DPLL,90,270,0.002,SAT
random3sat_realistic_654.cnf,DPLL,80,480,0.001,UNSAT
random3sat_realistic_657.cnf,DPLL,100,400,0.0005,UNSAT
random3sat_realistic_656.cnf,DPLL,90,270,0.0005,UNSAT
random3sat_realistic_655.cnf,DPLL,50,200,0.0012,UNSAT
random3sat_realistic_658.cnf,DPLL,100,400,0.001,UNSAT
random3sat_realistic_659.cnf,DPLL,100,400,0.0046,UNSAT
random3sat_realistic_66.cnf,DPLL,150,600,0.0035,UNSAT
random3sat_realistic_660.cnf,DPLL,70,280,0.0025,UNSAT
random3sat_realistic_661.cnf,DPLL,100,400,0.0,UNSAT

random3sat_realistic_663.cnf,DPLL,80,240,0.0,SAT
random3sat_realistic_667.cnf,DPLL,60,360,0.0,UNSAT

random3sat_realistic_668.cnf,DPLL,70,280,0.001,UNSAT
random3sat_realistic_669.cnf,DPLL,90,540,0.001,UNSAT
random3sat_realistic_67.cnf,DPLL,150,450,0.001,SAT
random3sat_realistic_665.cnf,DPLL,120,720,0.001,UNSAT
random3sat_realistic_670.cnf,DPLL,120,480,0.002,UNSAT
random3sat_realistic_671.cnf,DPLL,90,360,0.0019,UNSAT
random3sat_realistic_673.cnf,DPLL,100,600,0.0,UNSAT
random3sat_realistic_674.cnf,DPLL,120,360,0.0,SAT
random3sat_realistic_672.cnf,DPLL,100,500,0.0,UNSAT
random3sat_realistic_677.cnf,DPLL,60,180,0.0,SAT
random3sat_realistic_676.cnf,DPLL,70,350,0.0,UNSAT
random3sat_realistic_678.cnf,DPLL,100,600,0.002,UNSAT
random3sat_realistic_675.cnf,DPLL,150,750,0.002,UNSAT
random3sat_realistic_679.cnf,DPLL,60,360,0.002,UNSAT
random3sat_realistic_68.cnf,DPLL,120,600,0.0,UNSAT
random3sat_realistic_683.cnf,DPLL,50,300,0.002,UNSAT
random3sat_realistic_684.cnf,DPLL,70,280,0.0,UNSAT
random3sat_realistic_681.cnf,DPLL,70,420,0.0024,UNSAT
random3sat_realistic_685.cnf,DPLL,120,720,0.001,UNSAT
random3sat_realistic_686.cnf,DPLL,150,900,0.0,UNSAT
random3sat_realistic_688.cnf,DPLL,120,600,0.001,UNSAT
random3sat_realistic_689.cnf,DPLL,100,300,0.0,SAT
random3sat_realistic_690.cnf,DPLL,80,480,0.001,UNSAT
random3sat_realistic_691.cnf,DPLL,70,210,0.0004,UNSAT
random3sat_realistic_692.cnf,DPLL,120,720,0.001,UNSAT
random3sat_realistic_694.cnf,DPLL,90,360,0.0,UNSAT
random3sat_realistic_693.cnf,DPLL,120,480,0.002,UNSAT
random3sat_realistic_695.cnf,DPLL,70,210,0.002,SAT
random3sat_realistic_696.cnf,DPLL,90,270,0.0025,SAT
random3sat_realistic_698.cnf,DPLL,60,240,0.001,UNSAT

random3sat_realistic_699.cnf,DPLL,150,900,0.001,UNSAT
random3sat_realistic_700.cnf,DPLL,60,180,0.0,UNSAT
random3sat_realistic_7.cnf,DPLL,150,750,0.0,UNSAT
random3sat_realistic_70.cnf,DPLL,100,300,0.002,UNSAT
random3sat_realistic_702.cnf,DPLL,50,200,0.001,SAT
random3sat_realistic_701.cnf,DPLL,60,300,0.001,UNSAT
random3sat_realistic_704.cnf,DPLL,90,270,0.001,UNSAT
random3sat_realistic_703.cnf,DPLL,90,450,0.001,UNSAT
random3sat_realistic_706.cnf,DPLL,80,320,0.0015,UNSAT
random3sat_realistic_705.cnf,DPLL,100,500,0.0005,UNSAT
random3sat_realistic_707.cnf,DPLL,60,240,0.002,UNSAT
random3sat_realistic_708.cnf,DPLL,120,720,0.0041,UNSAT
random3sat_realistic_71.cnf,DPLL,90,270,0.0041,SAT
random3sat_realistic_709.cnf,DPLL,90,450,0.0061,UNSAT
random3sat_realistic_710.cnf,DPLL,90,270,0.005,UNSAT
random3sat_realistic_711.cnf,DPLL,60,360,0.002,UNSAT
random3sat_realistic_712.cnf,DPLL,70,280,0.002,UNSAT
random3sat_realistic_713.cnf,DPLL,70,350,0.002,UNSAT
random3sat_realistic_716.cnf,DPLL,60,300,0.002,UNSAT
random3sat_realistic_715.cnf,DPLL,120,360,0.0,SAT
random3sat_realistic_714.cnf,DPLL,60,360,0.002,UNSAT
random3sat_realistic_719.cnf,DPLL,50,150,0.0041,SAT
random3sat_realistic_72.cnf,DPLL,70,350,0.002,UNSAT
random3sat_realistic_718.cnf,DPLL,80,240,0.0041,SAT
random3sat_realistic_720.cnf,DPLL,60,360,0.0015,UNSAT
random3sat_realistic_721.cnf,DPLL,50,250,0.0,UNSAT
random3sat_realistic_723.cnf,DPLL,50,200,0.001,UNSAT
random3sat_realistic_722.cnf,DPLL,150,750,0.0015,UNSAT
random3sat_realistic_725.cnf,DPLL,50,250,0.001,UNSAT
random3sat_realistic_724.cnf,DPLL,60,180,0.001,SAT
random3sat_realistic_726.cnf,DPLL,70,280,0.001,UNSAT
random3sat_realistic_727.cnf,DPLL,60,240,0.001,UNSAT
random3sat_realistic_728.cnf,DPLL,90,540,0.0,UNSAT
random3sat_realistic_729.cnf,DPLL,120,720,0.0012,UNSAT
random3sat_realistic_73.cnf,DPLL,100,300,0.001,UNSAT
random3sat_realistic_730.cnf,DPLL,50,300,0.001,UNSAT
random3sat_realistic_731.cnf,DPLL,70,280,0.001,UNSAT
random3sat_realistic_732.cnf,DPLL,60,360,0.0025,UNSAT
random3sat_realistic_733.cnf,DPLL,90,450,0.001,UNSAT
random3sat_realistic_734.cnf,DPLL,50,250,0.001,UNSAT
random3sat_realistic_735.cnf,DPLL,80,240,0.001,SAT
random3sat_realistic_736.cnf,DPLL,50,250,0.001,UNSAT
random3sat_realistic_737.cnf,DPLL,50,250,0.001,UNSAT
random3sat_realistic_738.cnf,DPLL,150,450,0.0,SAT
random3sat_realistic_739.cnf,DPLL,80,320,0.001,UNSAT
random3sat_realistic_74.cnf,DPLL,120,360,0.001,UNSAT
random3sat_realistic_740.cnf,DPLL,50,200,0.0,UNSAT
random3sat_realistic_741.cnf,DPLL,120,360,0.0035,UNSAT
random3sat_realistic_742.cnf,DPLL,90,540,0.001,UNSAT
random3sat_realistic_744.cnf,DPLL,100,500,0.001,UNSAT
random3sat_realistic_746.cnf,DPLL,70,280,0.001,UNSAT
random3sat_realistic_743.cnf,DPLL,120,720,0.002,UNSAT
random3sat_realistic_747.cnf,DPLL,120,360,0.002,SAT
random3sat_realistic_745.cnf,DPLL,90,540,0.001,UNSAT
random3sat_realistic_748.cnf,DPLL,50,200,0.0,UNSAT
random3sat_realistic_749.cnf,DPLL,50,250,0.0009,UNSAT
random3sat_realistic_75.cnf,DPLL,70,420,0.0005,UNSAT
random3sat_realistic_750.cnf,DPLL,120,480,0.0,UNSAT
random3sat_realistic_751.cnf,DPLL,80,400,0.0,UNSAT
random3sat_realistic_752.cnf,DPLL,120,360,0.0,SAT
random3sat_realistic_754.cnf,DPLL,70,280,0.0,UNSAT
random3sat_realistic_755.cnf,DPLL,100,300,0.0061,UNSAT
random3sat_realistic_757.cnf,DPLL,90,270,0.0,UNSAT
random3sat_realistic_756.cnf,DPLL,90,360,0.0,UNSAT
random3sat_realistic_758.cnf,DPLL,100,500,0.0,UNSAT
random3sat_realistic_759.cnf,DPLL,60,180,0.001,SAT
random3sat_realistic_760.cnf,DPLL,80,480,0.0015,UNSAT
random3sat_realistic_76.cnf,DPLL,150,900,0.002,UNSAT
random3sat_realistic_761.cnf,DPLL,100,300,0.003,UNSAT
random3sat_realistic_762.cnf,DPLL,60,180,0.001,SAT
random3sat_realistic_763.cnf,DPLL,50,150,0.003,UNSAT
random3sat_realistic_766.cnf,DPLL,80,480,0.0,UNSAT
random3sat_realistic_765.cnf,DPLL,70,210,0.0025,UNSAT
random3sat_realistic_767.cnf,DPLL,50,200,0.0032,UNSAT
random3sat_realistic_768.cnf,DPLL,100,500,0.0036,UNSAT
random3sat_realistic_769.cnf,DPLL,120,360,0.0075,UNSAT
random3sat_realistic_77.cnf,DPLL,70,210,0.0084,SAT
random3sat_realistic_770.cnf,DPLL,80,480,0.0047,UNSAT
random3sat_realistic_771.cnf,DPLL,70,210,0.003,SAT
random3sat_realistic_772.cnf,DPLL,60,180,0.003,SAT
random3sat_realistic_773.cnf,DPLL,120,600,0.001,UNSAT
random3sat_realistic_774.cnf,DPLL,90,270,0.001,UNSAT
random3sat_realistic_775.cnf,DPLL,100,300,0.001,SAT
random3sat_realistic_776.cnf,DPLL,70,280,0.0015,UNSAT
random3sat_realistic_777.cnf,DPLL,70,420,0.0015,UNSAT
random3sat_realistic_778.cnf,DPLL,100,600,0.001,UNSAT
random3sat_realistic_779.cnf,DPLL,90,360,0.005,UNSAT
random3sat_realistic_781.cnf,DPLL,100,500,0.0022,UNSAT
random3sat_realistic_78.cnf,DPLL,90,270,0.0052,UNSAT
random3sat_realistic_780.cnf,DPLL,150,600,0.0022,UNSAT
random3sat_realistic_783.cnf,DPLL,60,240,0.002,UNSAT
random3sat_realistic_784.cnf,DPLL,150,750,0.001,UNSAT
random3sat_realistic_786.cnf,DPLL,50,300,0.001,UNSAT
random3sat_realistic_788.cnf,DPLL,100,300,0.001,SAT
random3sat_realistic_789.cnf,DPLL,120,480,0.0025,UNSAT
random3sat_realistic_790.cnf,DPLL,80,240,0.001,UNSAT
random3sat_realistic_791.cnf,DPLL,120,480,0.001,UNSAT
random3sat_realistic_792.cnf,DPLL,50,200,0.001,UNSAT
random3sat_realistic_793.cnf,DPLL,60,300,0.0,UNSAT
random3sat_realistic_794.cnf,DPLL,120,360,0.001,UNSAT
random3sat_realistic_795.cnf,DPLL,150,900,0.001,UNSAT
random3sat_realistic_796.cnf,DPLL,100,400,0.001,UNSAT
random3sat_realistic_797.cnf,DPLL,100,600,0.0,UNSAT
random3sat_realistic_798.cnf,DPLL,60,180,0.0015,UNSAT
random3sat_realistic_799.cnf,DPLL,120,600,0.001,UNSAT
random3sat_realistic_80.cnf,DPLL,80,480,0.0012,UNSAT
random3sat_realistic_8.cnf,DPLL,150,750,0.0012,UNSAT
random3sat_realistic_800.cnf,DPLL,120,480,0.0011,UNSAT
random3sat_realistic_801.cnf,DPLL,50,250,0.001,UNSAT
random3sat_realistic_802.cnf,DPLL,60,240,0.001,UNSAT
random3sat_realistic_803.cnf,DPLL,100,500,0.002,UNSAT
random3sat_realistic_804.cnf,DPLL,100,600,0.0025,UNSAT
random3sat_realistic_805.cnf,DPLL,150,600,0.001,UNSAT
random3sat_realistic_807.cnf,DPLL,60,180,0.001,SAT
random3sat_realistic_806.cnf,DPLL,100,600,0.0,UNSAT
random3sat_realistic_808.cnf,DPLL,120,360,0.001,UNSAT
random3sat_realistic_810.cnf,DPLL,120,360,0.001,UNSAT
random3sat_realistic_809.cnf,DPLL,150,750,0.001,UNSAT
random3sat_realistic_81.cnf,DPLL,150,900,0.001,UNSAT
random3sat_realistic_811.cnf,DPLL,120,600,0.001,UNSAT
random3sat_realistic_812.cnf,DPLL,150,750,0.0015,UNSAT
random3sat_realistic_813.cnf,DPLL,80,320,0.0015,UNSAT
random3sat_realistic_814.cnf,DPLL,80,240,0.002,SAT
random3sat_realistic_815.cnf,DPLL,90,270,0.004,UNSAT
random3sat_realistic_816.cnf,DPLL,60,360,0.002,UNSAT
random3sat_realistic_817.cnf,DPLL,150,750,0.002,UNSAT
random3sat_realistic_818.cnf,DPLL,70,280,0.002,UNSAT
random3sat_realistic_819.cnf,DPLL,90,360,0.001,UNSAT
random3sat_realistic_82.cnf,DPLL,80,400,0.0,UNSAT
random3sat_realistic_820.cnf,DPLL,80,320,0.0005,UNSAT
random3sat_realistic_821.cnf,DPLL,80,320,0.0005,UNSAT
random3sat_realistic_823.cnf,DPLL,70,280,0.002,UNSAT
random3sat_realistic_825.cnf,DPLL,90,270,0.0,SAT
random3sat_realistic_822.cnf,DPLL,150,750,0.0,UNSAT
random3sat_realistic_824.cnf,DPLL,70,280,0.0,SAT
random3sat_realistic_826.cnf,DPLL,80,480,0.0,UNSAT
random3sat_realistic_829.cnf,DPLL,100,300,0.0,SAT
random3sat_realistic_827.cnf,DPLL,90,450,0.0,UNSAT
random3sat_realistic_828.cnf,DPLL,120,600,0.0035,UNSAT
random3sat_realistic_830.cnf,DPLL,80,400,0.001,UNSAT
random3sat_realistic_831.cnf,DPLL,120,360,0.001,UNSAT
random3sat_realistic_832.cnf,DPLL,100,300,0.001,SAT
random3sat_realistic_833.cnf,DPLL,70,420,0.0,UNSAT
random3sat_realistic_835.cnf,DPLL,60,180,0.001,UNSAT
random3sat_realistic_834.cnf,DPLL,50,300,0.002,UNSAT
random3sat_realistic_836.cnf,DPLL,60,240,0.001,UNSAT
random3sat_realistic_838.cnf,DPLL,90,450,0.001,UNSAT
random3sat_realistic_839.cnf,DPLL,90,450,0.0015,UNSAT
random3sat_realistic_840.cnf,DPLL,90,270,0.0005,UNSAT
random3sat_realistic_841.cnf,DPLL,80,320,0.0,UNSAT
random3sat_realistic_84.cnf,DPLL,100,600,0.0,UNSAT
random3sat_realistic_842.cnf,DPLL,60,180,0.0012,UNSAT
random3sat_realistic_844.cnf,DPLL,150,600,0.0021,UNSAT
random3sat_realistic_845.cnf,DPLL,100,500,0.002,UNSAT
random3sat_realistic_847.cnf,DPLL,100,300,0.004,SAT
random3sat_realistic_846.cnf,DPLL,150,900,0.002,UNSAT
random3sat_realistic_848.cnf,DPLL,60,300,0.002,UNSAT
random3sat_realistic_85.cnf,DPLL,90,360,0.002,UNSAT

random3sat_realistic_850.cnf,DPLL,90,450,0.002,UNSAT
random3sat_realistic_851.cnf,DPLL,120,480,0.002,UNSAT
random3sat_realistic_854.cnf,DPLL,50,250,0.0,UNSAT
random3sat_realistic_853.cnf,DPLL,100,500,0.0,UNSAT
random3sat_realistic_852.cnf,DPLL,120,720,0.002,UNSAT
random3sat_realistic_855.cnf,DPLL,150,600,0.0012,UNSAT
random3sat_realistic_857.cnf,DPLL,80,400,0.0022,UNSAT
random3sat_realistic_856.cnf,DPLL,120,720,0.001,UNSAT
random3sat_realistic_858.cnf,DPLL,80,400,0.004,UNSAT
random3sat_realistic_86.cnf,DPLL,100,400,0.001,UNSAT
random3sat_realistic_859.cnf,DPLL,70,210,0.004,SAT
random3sat_realistic_860.cnf,DPLL,100,600,0.0012,UNSAT
random3sat_realistic_862.cnf,DPLL,70,280,0.0015,UNSAT
random3sat_realistic_861.cnf,DPLL,150,900,0.0012,UNSAT
random3sat_realistic_863.cnf,DPLL,70,280,0.0022,UNSAT
random3sat_realistic_864.cnf,DPLL,70,420,0.001,UNSAT
random3sat_realistic_866.cnf,DPLL,60,360,0.001,UNSAT
random3sat_realistic_865.cnf,DPLL,80,480,0.001,UNSAT
random3sat_realistic_867.cnf,DPLL,90,540,0.001,UNSAT
random3sat_realistic_87.cnf,DPLL,100,300,0.001,UNSAT
random3sat_realistic_869.cnf,DPLL,60,180,0.001,SAT
random3sat_realistic_871.cnf,DPLL,80,400,0.001,UNSAT
random3sat_realistic_873.cnf,DPLL,80,400,0.0,UNSAT
random3sat_realistic_870.cnf,DPLL,150,750,0.002,UNSAT
random3sat_realistic_872.cnf,DPLL,60,300,0.003,UNSAT
random3sat_realistic_874.cnf,DPLL,80,400,0.002,UNSAT
random3sat_realistic_875.cnf,DPLL,90,360,0.0,UNSAT
random3sat_realistic_877.cnf,DPLL,90,540,0.0,UNSAT
random3sat_realistic_876.cnf,DPLL,150,750,0.001,UNSAT
random3sat_realistic_878.cnf,DPLL,80,320,0.001,UNSAT
random3sat_realistic_879.cnf,DPLL,90,540,0.0,UNSAT
random3sat_realistic_881.cnf,DPLL,100,300,0.001,UNSAT
random3sat_realistic_880.cnf,DPLL,90,450,0.002,UNSAT
random3sat_realistic_882.cnf,DPLL,150,600,0.0022,UNSAT
random3sat_realistic_883.cnf,DPLL,100,300,0.0,UNSAT
random3sat_realistic_884.cnf,DPLL,70,420,0.001,UNSAT
random3sat_realistic_885.cnf,DPLL,100,500,0.001,UNSAT
random3sat_realistic_886.cnf,DPLL,120,480,0.0015,UNSAT
random3sat_realistic_889.cnf,DPLL,70,280,0.001,UNSAT
random3sat_realistic_888.cnf,DPLL,120,480,0.001,UNSAT
random3sat_realistic_89.cnf,DPLL,90,270,0.001,SAT
T
random3sat_realistic_890.cnf,DPLL,50,300,0.001,UNSAT
random3sat_realistic_891.cnf,DPLL,120,720,0.003,UNSAT
random3sat_realistic_894.cnf,DPLL,60,240,0.001,UNSAT
random3sat_realistic_895.cnf,DPLL,90,360,0.001,UNSAT
random3sat_realistic_893.cnf,DPLL,70,420,0.0035,UNSAT
random3sat_realistic_897.cnf,DPLL,70,280,0.001,UNSAT
random3sat_realistic_896.cnf,DPLL,90,270,0.001,UNSAT
random3sat_realistic_898.cnf,DPLL,70,350,0.002,UNSAT
random3sat_realistic_899.cnf,DPLL,80,240,0.004,UNSAT
random3sat_realistic_90.cnf,DPLL,150,450,0.001,UNSAT
random3sat_realistic_900.cnf,DPLL,90,450,0.001,UNSAT
random3sat_realistic_902.cnf,DPLL,100,600,0.001,UNSAT
random3sat_realistic_903.cnf,DPLL,60,360,0.001,UNSAT
random3sat_realistic_901.cnf,DPLL,90,450,0.0035,UNSAT
random3sat_realistic_906.cnf,DPLL,50,250,0.0,UNSAT
T
random3sat_realistic_905.cnf,DPLL,60,360,0.0,UNSAT
random3sat_realistic_907.cnf,DPLL,90,360,0.0013,UNSAT
random3sat_realistic_908.cnf,DPLL,50,300,0.0,UNSAT
random3sat_realistic_909.cnf,DPLL,50,300,0.001,UNSAT
random3sat_realistic_91.cnf,DPLL,100,400,0.001,UNSAT
random3sat_realistic_911.cnf,DPLL,100,600,0.002,UNSAT
random3sat_realistic_912.cnf,DPLL,150,600,0.001,UNSAT
random3sat_realistic_914.cnf,DPLL,60,240,0.001,UNSAT
random3sat_realistic_915.cnf,DPLL,70,350,0.0,UNSAT
random3sat_realistic_916.cnf,DPLL,60,360,0.0013,UNSAT
random3sat_realistic_917.cnf,DPLL,100,500,0.0,UNSAT
random3sat_realistic_919.cnf,DPLL,120,600,0.0015,UNSAT
random3sat_realistic_920.cnf,DPLL,50,150,0.0,UNSAT
random3sat_realistic_92.cnf,DPLL,100,600,0.0,UNSAT
random3sat_realistic_921.cnf,DPLL,60,360,0.0006,UNSAT

random3sat_realistic_924.cnf,DPLL,100,500,0.0,UNSAT
random3sat_realistic_923.cnf,DPLL,150,600,0.0,UNSAT
random3sat_realistic_927.cnf,DPLL,70,420,0.0,UNSAT
random3sat_realistic_926.cnf,DPLL,90,360,0.002,UNSAT
random3sat_realistic_928.cnf,DPLL,80,320,0.003,UNSAT
random3sat_realistic_929.cnf,DPLL,100,600,0.0,UNSAT
random3sat_realistic_930.cnf,DPLL,120,720,0.0,UNSAT
random3sat_realistic_931.cnf,DPLL,100,500,0.0,UNSAT
random3sat_realistic_932.cnf,DPLL,90,270,0.0,UNSAT
random3sat_realistic_933.cnf,DPLL,150,600,0.0012,UNSAT
random3sat_realistic_934.cnf,DPLL,120,600,0.0012,UNSAT
random3sat_realistic_935.cnf,DPLL,120,600,0.0022,UNSAT
random3sat_realistic_938.cnf,DPLL,100,300,0.0,SAT
random3sat_realistic_939.cnf,DPLL,100,300,0.001,SAT
random3sat_realistic_937.cnf,DPLL,100,600,0.002,UNSAT
random3sat_realistic_94.cnf,DPLL,70,350,0.002,UNSAT
random3sat_realistic_941.cnf,DPLL,80,320,0.002,UNSAT
random3sat_realistic_940.cnf,DPLL,70,280,0.002,UNSAT
random3sat_realistic_942.cnf,DPLL,80,320,0.0012,UNSAT
random3sat_realistic_944.cnf,DPLL,60,300,0.0,UNSAT
random3sat_realistic_943.cnf,DPLL,120,480,0.0016,UNSAT
random3sat_realistic_945.cnf,DPLL,70,350,0.0,UNSAT
random3sat_realistic_947.cnf,DPLL,60,360,0.0,UNSAT
random3sat_realistic_946.cnf,DPLL,120,600,0.0,UNSAT
random3sat_realistic_948.cnf,DPLL,120,720,0.0006,UNSAT
random3sat_realistic_949.cnf,DPLL,150,450,0.0036,SAT
random3sat_realistic_95.cnf,DPLL,100,600,0.002,UNSAT
random3sat_realistic_950.cnf,DPLL,100,600,0.001,UNSAT
random3sat_realistic_951.cnf,DPLL,50,150,0.001,UNSAT
random3sat_realistic_955.cnf,DPLL,90,450,0.001,UNSAT
random3sat_realistic_952.cnf,DPLL,80,320,0.001,UNSAT
random3sat_realistic_954.cnf,DPLL,60,360,0.001,UNSAT
random3sat_realistic_959.cnf,DPLL,120,600,0.001,UNSAT
random3sat_realistic_958.cnf,DPLL,90,540,0.001,UNSAT
random3sat_realistic_956.cnf,DPLL,150,750,0.001,UNSAT
random3sat_realistic_960.cnf,DPLL,120,480,0.0023,UNSAT
random3sat_realistic_962.cnf,DPLL,50,200,0.0013,UNSAT
random3sat_realistic_961.cnf,DPLL,120,360,0.0013,UNSAT
random3sat_realistic_963.cnf,DPLL,50,250,0.0,UNSAT
random3sat_realistic_964.cnf,DPLL,100,400,0.001,UNSAT
random3sat_realistic_965.cnf,DPLL,70,420,0.002,UNSAT
random3sat_realistic_966.cnf,DPLL,90,540,0.0025,UNSAT
random3sat_realistic_967.cnf,DPLL,120,720,0.001,UNSAT
random3sat_realistic_968.cnf,DPLL,150,750,0.001,UNSAT
random3sat_realistic_97.cnf,DPLL,50,300,0.001,UNSAT
random3sat_realistic_969.cnf,DPLL,150,900,0.001,UNSAT
random3sat_realistic_972.cnf,DPLL,70,350,0.001,UNSAT
random3sat_realistic_971.cnf,DPLL,70,420,0.003,UNSAT
random3sat_realistic_974.cnf,DPLL,50,250,0.001,UNSAT
random3sat_realistic_975.cnf,DPLL,50,150,0.001,SAT
random3sat_realistic_976.cnf,DPLL,60,360,0.001,UNSAT
random3sat_realistic_977.cnf,DPLL,120,480,0.001,UNSAT
random3sat_realistic_978.cnf,DPLL,100,400,0.001,UNSAT
random3sat_realistic_980.cnf,DPLL,120,600,0.0003,UNSAT
random3sat_realistic_98.cnf,DPLL,90,270,0.0023,SAT
random3sat_realistic_981.cnf,DPLL,90,270,0.0011,UNSAT
random3sat_realistic_979.cnf,DPLL,150,900,0.0,UNSAT
random3sat_realistic_983.cnf,DPLL,80,240,0.0006,SAT
random3sat_realistic_982.cnf,DPLL,80,240,0.0,SAT
random3sat_realistic_984.cnf,DPLL,90,360,0.002,UNSAT
random3sat_realistic_985.cnf,DPLL,60,180,0.002,SAT
random3sat_realistic_986.cnf,DPLL,50,300,0.002,UNSAT
random3sat_realistic_987.cnf,DPLL,70,420,0.002,UNSAT
random3sat_realistic_988.cnf,DPLL,50,250,0.0015,UNSAT
random3sat_realistic_989.cnf,DPLL,120,480,0.002,UNSAT
random3sat_realistic_990.cnf,DPLL,100,600,0.0,UNSAT
random3sat_realistic_99.cnf,DPLL,70,210,0.002,SAT
random3sat_realistic_991.cnf,DPLL,70,420,0.0,UNSAT
random3sat_realistic_994.cnf,DPLL,100,400,0.0,UNSAT

random3sat_realistic_993.cnf,DPLL,90,540,0.002,UNSAT
random3sat_realistic_995.cnf,DPLL,90,360,0.0016,UNSAT
random3sat_realistic_998.cnf,DPLL,80,240,0.001,SAT
random3sat_realistic_997.cnf,DPLL,150,750,0.001,UNSAT
random3sat_realistic_999.cnf,DPLL,60,240,0.0,UNSAT
sudoku_1.cnf,DPLL,81,200,0.0,SAT
sudoku_10.cnf,DPLL,81,259,0.0025,SAT
sudoku_4.cnf,DPLL,81,300,0.0,SAT
sudoku_2.cnf,DPLL,81,334,0.001,SAT
sudoku_3.cnf,DPLL,81,392,0.0022,UNSAT
sudoku_6.cnf,DPLL,81,225,0.001,SAT
sudoku_7.cnf,DPLL,81,231,0.0,SAT
sudoku_5.cnf,DPLL,81,359,0.001,UNSAT
sudoku_8.cnf,DPLL,81,296,0.0021,SAT
sudoku_9.cnf,DPLL,81,394,0.0035,UNSAT
sudoku_realistic_1.cnf,DPLL,819,8829,0.0021,SAT
sudoku_realistic_100.cnf,DPLL,819,8829,0.0011,SAT
sudoku_realistic_10.cnf,DPLL,819,8829,0.001,SAT
sudoku_realistic_101.cnf,DPLL,819,8829,0.004,SAT
sudoku_realistic_102.cnf,DPLL,819,8829,0.001,SAT
sudoku_realistic_103.cnf,DPLL,819,8829,0.001,SAT
sudoku_realistic_104.cnf,DPLL,819,8829,0.001,SAT
sudoku_realistic_105.cnf,DPLL,819,8829,0.002,SAT
sudoku_realistic_106.cnf,DPLL,819,8829,0.0004,SAT
sudoku_realistic_108.cnf,DPLL,819,8829,0.0,SAT
sudoku_realistic_107.cnf,DPLL,819,8829,0.002,SAT
sudoku_realistic_109.cnf,DPLL,819,8829,0.0,SAT
sudoku_realistic_11.cnf,DPLL,819,8829,0.001,SAT
sudoku_realistic_111.cnf,DPLL,819,8829,0.002,SAT
sudoku_realistic_112.cnf,DPLL,819,8829,0.003,SAT
sudoku_realistic_110.cnf,DPLL,819,8829,0.0025,SAT
sudoku_realistic_113.cnf,DPLL,819,8829,0.0028,SAT
sudoku_realistic_114.cnf,DPLL,819,8829,0.0035,SAT
sudoku_realistic_115.cnf,DPLL,819,8829,0.001,SAT
sudoku_realistic_116.cnf,DPLL,819,8829,0.0,SAT
sudoku_realistic_117.cnf,DPLL,819,8829,0.0012,SAT
sudoku_realistic_118.cnf,DPLL,819,8829,0.0025,SAT
sudoku_realistic_119.cnf,DPLL,819,8829,0.0016,SAT
sudoku_realistic_12.cnf,DPLL,819,8829,0.001,SAT
sudoku_realistic_120.cnf,DPLL,819,8829,0.0,SAT
sudoku_realistic_121.cnf,DPLL,819,8829,0.002,SAT
sudoku_realistic_123.cnf,DPLL,819,8829,0.002,SAT
sudoku_realistic_126.cnf,DPLL,819,8829,0.0024,SAT
sudoku_realistic_124.cnf,DPLL,819,8829,0.0185,SAT
sudoku_realistic_127.cnf,DPLL,819,8829,0.002,SAT
sudoku_realistic_128.cnf,DPLL,819,8829,0.003,SAT
sudoku_realistic_129.cnf,DPLL,819,8829,0.001,SAT
sudoku_realistic_13.cnf,DPLL,819,8829,0.0015,SAT
sudoku_realistic_130.cnf,DPLL,819,8829,0.001,SAT
sudoku_realistic_132.cnf,DPLL,819,8829,0.001,SAT
sudoku_realistic_131.cnf,DPLL,819,8829,0.003,SAT
sudoku_realistic_133.cnf,DPLL,819,8829,0.001,SAT
sudoku_realistic_134.cnf,DPLL,819,8829,0.001,SAT
sudoku_realistic_135.cnf,DPLL,819,8829,0.001,SAT
sudoku_realistic_136.cnf,DPLL,819,8829,0.0015,SAT
sudoku_realistic_137.cnf,DPLL,819,8829,0.002,SAT
sudoku_realistic_138.cnf,DPLL,819,8829,0.0012,SAT
sudoku_realistic_139.cnf,DPLL,819,8829,0.004,SAT
sudoku_realistic_140.cnf,DPLL,819,8829,0.001,SAT
sudoku_realistic_141.cnf,DPLL,819,8829,0.001,SAT
sudoku_realistic_143.cnf,DPLL,819,8829,0.001,SAT
sudoku_realistic_142.cnf,DPLL,819,8829,0.0015,SAT
sudoku_realistic_145.cnf,DPLL,819,8829,0.0025,SAT
sudoku_realistic_144.cnf,DPLL,819,8829,0.001,SAT
sudoku_realistic_146.cnf,DPLL,819,8829,0.001,SAT
sudoku_realistic_147.cnf,DPLL,819,8829,0.001,SAT
sudoku_realistic_148.cnf,DPLL,819,8829,0.001,SAT
sudoku_realistic_149.cnf,DPLL,819,8829,0.001,SAT
sudoku_realistic_15.cnf,DPLL,819,8829,0.0015,SAT
sudoku_realistic_150.cnf,DPLL,819,8829,0.002,SAT
sudoku_realistic_151.cnf,DPLL,819,8829,0.0014,SAT
sudoku_realistic_152.cnf,DPLL,819,8829,0.0,SAT
sudoku_realistic_153.cnf,DPLL,819,8829,0.001,SAT
sudoku_realistic_154.cnf,DPLL,819,8829,0.0069,SAT
sudoku_realistic_155.cnf,DPLL,819,8829,0.0,SAT
sudoku_realistic_156.cnf,DPLL,819,8829,0.0045,SAT
sudoku_realistic_157.cnf,DPLL,819,8829,0.0112,SAT
sudoku_realistic_158.cnf,DPLL,819,8829,0.0054,SAT
sudoku_realistic_16.cnf,DPLL,819,8829,0.003,SAT
sudoku_realistic_159.cnf,DPLL,819,8829,0.0172,SAT
sudoku_realistic_160.cnf,DPLL,819,8829,0.001,SAT
sudoku_realistic_161.cnf,DPLL,819,8829,0.0,SAT
sudoku_realistic_162.cnf,DPLL,819,8829,0.001,SAT
sudoku_realistic_164.cnf,DPLL,819,8829,0.0025,SAT
sudoku_realistic_165.cnf,DPLL,819,8829,0.003,SAT
sudoku_realistic_166.cnf,DPLL,819,8829,0.0005,SAT
sudoku_realistic_168.cnf,DPLL,819,8829,0.002,SAT
sudoku_realistic_167.cnf,DPLL,819,8829,0.0033,SAT
sudoku_realistic_17.cnf,DPLL,819,8829,0.0041,SAT
sudoku_realistic_169.cnf,DPLL,819,8829,0.001,SAT
sudoku_realistic_171.cnf,DPLL,819,8829,0.0013,SAT
sudoku_realistic_173.cnf,DPLL,819,8829,0.0,SAT
sudoku_realistic_172.cnf,DPLL,819,8829,0.002,SAT
sudoku_realistic_174.cnf,DPLL,819,8829,0.0012,SAT
sudoku_realistic_175.cnf,DPLL,819,8829,0.0012,SAT
sudoku_realistic_176.cnf,DPLL,819,8829,0.004,SAT
sudoku_realistic_177.cnf,DPLL,819,8829,0.0,SAT
sudoku_realistic_178.cnf,DPLL,819,8829,0.0022,SAT
sudoku_realistic_179.cnf,DPLL,819,8829,0.0,SAT
sudoku_realistic_180.cnf,DPLL,819,8829,0.002,SAT
sudoku_realistic_18.cnf,DPLL,819,8829,0.001,SAT
sudoku_realistic_182.cnf,DPLL,819,8829,0.0,SAT
sudoku_realistic_184.cnf,DPLL,819,8829,0.0,SAT
sudoku_realistic_183.cnf,DPLL,819,8829,0.0,SAT
sudoku_realistic_185.cnf,DPLL,819,8829,0.0077,SAT
sudoku_realistic_186.cnf,DPLL,819,8829,0.0055,SAT
sudoku_realistic_187.cnf,DPLL,819,8829,0.0015,SAT
sudoku_realistic_188.cnf,DPLL,819,8829,0.0025,SAT
sudoku_realistic_189.cnf,DPLL,819,8829,0.0045,SAT
sudoku_realistic_19.cnf,DPLL,819,8829,0.0055,SAT
sudoku_realistic_190.cnf,DPLL,819,8829,0.0057,SAT
sudoku_realistic_191.cnf,DPLL,819,8829,0.001,SAT
sudoku_realistic_192.cnf,DPLL,819,8829,0.0,SAT
sudoku_realistic_193.cnf,DPLL,819,8829,0.001,SAT
sudoku_realistic_194.cnf,DPLL,819,8829,0.0,SAT
sudoku_realistic_195.cnf,DPLL,819,8829,0.0,SAT
sudoku_realistic_196.cnf,DPLL,819,8829,0.0033,SAT
sudoku_realistic_197.cnf,DPLL,819,8829,0.001,SAT
sudoku_realistic_199.cnf,DPLL,819,8829,0.0011,SAT
sudoku_realistic_198.cnf,DPLL,819,8829,0.001,SAT
sudoku_realistic_2.cnf,DPLL,819,8829,0.005,SAT
sudoku_realistic_20.cnf,DPLL,819,8829,0.0012,SAT
sudoku_realistic_200.cnf,DPLL,819,8829,0.0,SAT
sudoku_realistic_21.cnf,DPLL,819,8829,0.001,SAT
sudoku_realistic_22.cnf,DPLL,819,8829,0.001,SAT
sudoku_realistic_24.cnf,DPLL,819,8829,0.0025,SAT
sudoku_realistic_23.cnf,DPLL,819,8829,0.0045,SAT
sudoku_realistic_25.cnf,DPLL,819,8829,0.0115,SAT
sudoku_realistic_26.cnf,DPLL,819,8829,0.0035,SAT
sudoku_realistic_28.cnf,DPLL,819,8829,0.0081,SAT
sudoku_realistic_30.cnf,DPLL,819,8829,0.004,SAT
sudoku_realistic_31.cnf,DPLL,819,8829,0.002,SAT
sudoku_realistic_3.cnf,DPLL,819,8829,0.0055,SAT
sudoku_realistic_32.cnf,DPLL,819,8829,0.002,SAT
sudoku_realistic_33.cnf,DPLL,819,8829,0.004,SAT
sudoku_realistic_34.cnf,DPLL,819,8829,0.002,SAT
sudoku_realistic_29.cnf,DPLL,819,8829,0.0097,SAT
sudoku_realistic_35.cnf,DPLL,819,8829,0.0015,SAT
sudoku_realistic_36.cnf,DPLL,819,8829,0.002,SAT
sudoku_realistic_37.cnf,DPLL,819,8829,0.0,SAT
sudoku_realistic_38.cnf,DPLL,819,8829,0.004,SAT
sudoku_realistic_39.cnf,DPLL,819,8829,0.0011,SAT
sudoku_realistic_40.cnf,DPLL,819,8829,0.001,SAT
sudoku_realistic_4.cnf,DPLL,819,8829,0.001,SAT
sudoku_realistic_41.cnf,DPLL,819,8829,0.003,SAT
sudoku_realistic_42.cnf,DPLL,819,8829,0.0012,SAT
sudoku_realistic_43.cnf,DPLL,819,8829,0.001,SAT
sudoku_realistic_44.cnf,DPLL,819,8829,0.001,SAT
sudoku_realistic_45.cnf,DPLL,819,8829,0.0063,SAT
sudoku_realistic_46.cnf,DPLL,819,8829,0.002,SAT
sudoku_realistic_48.cnf,DPLL,819,8829,0.002,SAT
sudoku_realistic_47.cnf,DPLL,819,8829,0.001,SAT
sudoku_realistic_5.cnf,DPLL,819,8829,0.0,SAT
sudoku_realistic_49.cnf,DPLL,819,8829,0.002,SAT
sudoku_realistic_50.cnf,DPLL,819,8829,0.0015,SAT
sudoku_realistic_52.cnf,DPLL,819,8829,0.0025,SAT
sudoku_realistic_53.cnf,DPLL,819,8829,0.0,SAT
sudoku_realistic_55.cnf,DPLL,819,8829,0.001,SAT
sudoku_realistic_54.cnf,DPLL,819,8829,0.001,SAT
sudoku_realistic_56.cnf,DPLL,819,8829,0.002,SAT
sudoku_realistic_57.cnf,DPLL,819,8829,0.0032,SAT
sudoku_realistic_59.cnf,DPLL,819,8829,0.001,SAT
sudoku_realistic_58.cnf,DPLL,819,8829,0.0015,SAT
sudoku_realistic_6.cnf,DPLL,819,8829,0.0015,SAT

sudoku_realistic_62.cnf,DPLL,819,8829,0.0012,SAT
sudoku_realistic_61.cnf,DPLL,819,8829,0.0,SAT
sudoku_realistic_63.cnf,DPLL,819,8829,0.001,SAT
sudoku_realistic_64.cnf,DPLL,819,8829,0.001,SAT
sudoku_realistic_65.cnf,DPLL,819,8829,0.0022,SAT
sudoku_realistic_66.cnf,DPLL,819,8829,0.0015,SAT
sudoku_realistic_68.cnf,DPLL,819,8829,0.002,SAT
sudoku_realistic_69.cnf,DPLL,819,8829,0.001,SAT
sudoku_realistic_7.cnf,DPLL,819,8829,0.0047,SAT

sudoku_realistic_70.cnf,DPLL,819,8829,0.0023,SAT
sudoku_realistic_71.cnf,DPLL,819,8829,0.002,SAT
sudoku_realistic_73.cnf,DPLL,819,8829,0.001,SAT
sudoku_realistic_75.cnf,DPLL,819,8829,0.0,SAT
sudoku_realistic_74.cnf,DPLL,819,8829,0.002,SAT
sudoku_realistic_76.cnf,DPLL,819,8829,0.001,SAT
sudoku_realistic_77.cnf,DPLL,819,8829,0.001,SAT
sudoku_realistic_78.cnf,DPLL,819,8829,0.0015,SAT
sudoku_realistic_79.cnf,DPLL,819,8829,0.001,SAT
sudoku_realistic_8.cnf,DPLL,819,8829,0.0013,SAT
sudoku_realistic_81.cnf,DPLL,819,8829,0.001,SAT
sudoku_realistic_82.cnf,DPLL,819,8829,0.002,SAT
sudoku_realistic_83.cnf,DPLL,819,8829,0.001,SAT
sudoku_realistic_85.cnf,DPLL,819,8829,0.002,SAT
sudoku_realistic_84.cnf,DPLL,819,8829,0.001,SAT
sudoku_realistic_86.cnf,DPLL,819,8829,0.001,SAT
sudoku_realistic_87.cnf,DPLL,819,8829,0.002,SAT
sudoku_realistic_88.cnf,DPLL,819,8829,0.0,SAT
sudoku_realistic_89.cnf,DPLL,819,8829,0.0,SAT
sudoku_realistic_9.cnf,DPLL,819,8829,0.001,SAT
sudoku_realistic_90.cnf,DPLL,819,8829,0.0015,SAT
sudoku_realistic_92.cnf,DPLL,819,8829,0.001,SAT
sudoku_realistic_91.cnf,DPLL,819,8829,0.0,SAT
sudoku_realistic_93.cnf,DPLL,819,8829,0.002,SAT
sudoku_realistic_94.cnf,DPLL,819,8829,0.0,SAT
sudoku_realistic_96.cnf,DPLL,819,8829,0.0012,SAT
sudoku_realistic_95.cnf,DPLL,819,8829,0.001,SAT
sudoku_realistic_97.cnf,DPLL,819,8829,0.001,SAT
sudoku_realistic_99.cnf,DPLL,819,8829,0.001,SAT
sudoku_realistic_98.cnf,DPLL,819,8829,0.001,SAT
