instance,solver,num_vars,num_clauses,result,runtime_seconds
random3sat10.cnf,WalkSAT_Optimized,50,200,SAT,0.0057
random3sat3.cnf,WalkSAT_Optimized,50,200,SAT,0.0479
random3sat4.cnf,WalkSAT_Optimized,50,200,SAT,0.0027
random3sat5.cnf,WalkSAT_Optimized,50,200,SAT,0.0362
random3sat2.cnf,WalkSAT_Optimized,50,200,UNSAT,0.1708
random3sat1.cnf,WalkSAT_Optimized,50,200,UNSAT,0.2011
random3sat8.cnf,WalkSAT_Optimized,50,200,SAT,0.0053
random3sat7.cnf,WalkSAT_Optimized,50,200,SAT,0.0156
random3sat6.cnf,WalkSAT_Optimized,50,200,SAT,0.0339
random3sat9.cnf,WalkSAT_Optimized,50,200,SAT,0.0665
random3sat_bulk11.cnf,WalkSAT_Optimized,70,200,SAT,0.0032
random3sat_bulk10.cnf,WalkSAT_Optimized,50,200,UNSAT,0.2918
random3sat_bulk1.cnf,WalkSAT_Optimized,80,400,UNSAT,0.3199
random3sat_bulk100.cnf,WalkSAT_Optimized,80,400,UNSAT,0.316
random3sat_bulk15.cnf,WalkSAT_Optimized,80,200,SAT,0.0014
random3sat_bulk12.cnf,WalkSAT_Optimized,90,400,UNSAT,0.2615
random3sat_bulk16.cnf,WalkSAT_Optimized,90,250,SAT,0.0022
random3sat_bulk17.cnf,WalkSAT_Optimized,50,200,SAT,0.0021
random3sat_bulk13.cnf,WalkSAT_Optimized,70,300,SAT,0.1256
random3sat_bulk19.cnf,WalkSAT_Optimized,100,400,UNSAT,0.3122
random3sat_bulk14.cnf,WalkSAT_Optimized,70,400,UNSAT,0.4053
random3sat_bulk18.cnf,WalkSAT_Optimized,50,300,UNSAT,0.4789
random3sat_bulk2.cnf,WalkSAT_Optimized,60,300,UNSAT,0.3204
random3sat_bulk22.cnf,WalkSAT_Optimized,100,400,SAT,0.0204
random3sat_bulk21.cnf,WalkSAT_Optimized,90,400,UNSAT,0.2987
random3sat_bulk20.cnf,WalkSAT_Optimized,60,300,UNSAT,0.344
random3sat_bulk25.cnf,WalkSAT_Optimized,80,350,UNSAT,0.2757
random3sat_bulk23.cnf,WalkSAT_Optimized,60,300,UNSAT,0.38
random3sat_bulk24.cnf,WalkSAT_Optimized,70,350,UNSAT,0.3736
random3sat_bulk28.cnf,WalkSAT_Optimized,90,200,SAT,0.0025
random3sat_bulk27.cnf,WalkSAT_Optimized,100,350,SAT,0.0103
random3sat_bulk30.cnf,WalkSAT_Optimized,100,350,SAT,0.0145
random3sat_bulk31.cnf,WalkSAT_Optimized,70,200,SAT,0.0033
random3sat_bulk26.cnf,WalkSAT_Optimized,50,300,UNSAT,0.3724
random3sat_bulk33.cnf,WalkSAT_Optimized,100,200,SAT,0.0012
random3sat_bulk29.cnf,WalkSAT_Optimized,90,400,UNSAT,0.1851
random3sat_bulk35.cnf,WalkSAT_Optimized,90,300,SAT,0.0047
random3sat_bulk34.cnf,WalkSAT_Optimized,90,350,UNSAT,0.1614
random3sat_bulk37.cnf,WalkSAT_Optimized,50,200,SAT,0.005
random3sat_bulk3.cnf,WalkSAT_Optimized,50,350,UNSAT,0.2969
random3sat_bulk32.cnf,WalkSAT_Optimized,50,350,UNSAT,0.2959
random3sat_bulk36.cnf,WalkSAT_Optimized,80,300,UNSAT,0.175
random3sat_bulk38.cnf,WalkSAT_Optimized,90,400,UNSAT,0.1827
random3sat_bulk41.cnf,WalkSAT_Optimized,90,200,SAT,0.0046
random3sat_bulk4.cnf,WalkSAT_Optimized,80,400,UNSAT,0.2147
random3sat_bulk43.cnf,WalkSAT_Optimized,100,300,SAT,0.004
random3sat_bulk44.cnf,WalkSAT_Optimized,60,200,SAT,0.0226
random3sat_bulk39.cnf,WalkSAT_Optimized,60,400,UNSAT,0.2934
random3sat_bulk40.cnf,WalkSAT_Optimized,50,300,UNSAT,0.2499
random3sat_bulk45.cnf,WalkSAT_Optimized,70,300,SAT,0.0449
random3sat_bulk48.cnf,WalkSAT_Optimized,100,300,SAT,0.0099
random3sat_bulk49.cnf,WalkSAT_Optimized,100,300,SAT,0.0054
random3sat_bulk5.cnf,WalkSAT_Optimized,90,250,SAT,0.0027
random3sat_bulk50.cnf,WalkSAT_Optimized,80,300,SAT,0.0223
random3sat_bulk42.cnf,WalkSAT_Optimized,60,400,UNSAT,0.2838
random3sat_bulk46.cnf,WalkSAT_Optimized,60,300,UNSAT,0.213
random3sat_bulk53.cnf,WalkSAT_Optimized,90,300,SAT,0.0105
random3sat_bulk54.cnf,WalkSAT_Optimized,70,200,SAT,0.0019
random3sat_bulk47.cnf,WalkSAT_Optimized,70,350,UNSAT,0.2056
random3sat_bulk51.cnf,WalkSAT_Optimized,60,400,UNSAT,0.2803
random3sat_bulk52.cnf,WalkSAT_Optimized,50,350,UNSAT,0.2857
random3sat_bulk57.cnf,WalkSAT_Optimized,60,250,UNSAT,0.1686
random3sat_bulk56.cnf,WalkSAT_Optimized,60,400,UNSAT,0.3047
random3sat_bulk59.cnf,WalkSAT_Optimized,80,300,SAT,0.005
random3sat_bulk60.cnf,WalkSAT_Optimized,100,300,SAT,0.0083
random3sat_bulk6.cnf,WalkSAT_Optimized,60,200,SAT,0.0175
random3sat_bulk62.cnf,WalkSAT_Optimized,100,300,SAT,0.0039
random3sat_bulk55.cnf,WalkSAT_Optimized,50,400,UNSAT,0.3805
random3sat_bulk64.cnf,WalkSAT_Optimized,70,200,SAT,0.0018
random3sat_bulk58.cnf,WalkSAT_Optimized,50,350,UNSAT,0.2995
random3sat_bulk63.cnf,WalkSAT_Optimized,90,350,UNSAT,0.1739
random3sat_bulk66.cnf,WalkSAT_Optimized,100,200,SAT,0.0012
random3sat_bulk61.cnf,WalkSAT_Optimized,70,400,UNSAT,0.2379
random3sat_bulk68.cnf,WalkSAT_Optimized,70,300,SAT,0.0745
random3sat_bulk65.cnf,WalkSAT_Optimized,60,350,UNSAT,0.2467
random3sat_bulk7.cnf,WalkSAT_Optimized,60,200,SAT,0.0044
random3sat_bulk70.cnf,WalkSAT_Optimized,90,200,SAT,0.0017
random3sat_bulk72.cnf,WalkSAT_Optimized,70,300,SAT,0.0901
random3sat_bulk73.cnf,WalkSAT_Optimized,90,200,SAT,0.0021
random3sat_bulk74.cnf,WalkSAT_Optimized,90,250,SAT,0.0044
random3sat_bulk67.cnf,WalkSAT_Optimized,50,250,UNSAT,0.2181
random3sat_bulk69.cnf,WalkSAT_Optimized,90,350,UNSAT,0.1808
random3sat_bulk71.cnf,WalkSAT_Optimized,70,350,UNSAT,0.213
random3sat_bulk76.cnf,WalkSAT_Optimized,80,300,SAT,0.1163
random3sat_bulk79.cnf,WalkSAT_Optimized,90,200,SAT,0.0029
random3sat_bulk77.cnf,WalkSAT_Optimized,80,350,UNSAT,0.1877
random3sat_bulk78.cnf,WalkSAT_Optimized,60,300,UNSAT,0.2206
random3sat_bulk75.cnf,WalkSAT_Optimized,50,350,UNSAT,0.3119
random3sat_bulk8.cnf,WalkSAT_Optimized,50,300,UNSAT,0.2595
random3sat_bulk80.cnf,WalkSAT_Optimized,50,250,UNSAT,0.2004
random3sat_bulk82.cnf,WalkSAT_Optimized,50,200,SAT,0.1062
random3sat_bulk84.cnf,WalkSAT_Optimized,80,300,SAT,0.0489
random3sat_bulk81.cnf,WalkSAT_Optimized,60,400,UNSAT,0.2903
random3sat_bulk87.cnf,WalkSAT_Optimized,100,300,SAT,0.0045
random3sat_bulk83.cnf,WalkSAT_Optimized,50,400,UNSAT,0.3597
random3sat_bulk85.cnf,WalkSAT_Optimized,50,350,UNSAT,0.3343
random3sat_bulk86.cnf,WalkSAT_Optimized,50,300,UNSAT,0.2843
random3sat_bulk90.cnf,WalkSAT_Optimized,80,200,SAT,0.0026
random3sat_bulk89.cnf,WalkSAT_Optimized,90,350,SAT,0.0371
random3sat_bulk91.cnf,WalkSAT_Optimized,70,250,SAT,0.0489
random3sat_bulk88.cnf,WalkSAT_Optimized,60,300,UNSAT,0.2291
random3sat_bulk94.cnf,WalkSAT_Optimized,100,200,SAT,0.001
random3sat_bulk9.cnf,WalkSAT_Optimized,50,250,UNSAT,0.2209
random3sat_bulk96.cnf,WalkSAT_Optimized,100,350,SAT,0.0118
random3sat_bulk97.cnf,WalkSAT_Optimized,90,300,SAT,0.0057
random3sat_bulk93.cnf,WalkSAT_Optimized,80,400,UNSAT,0.21
random3sat_bulk95.cnf,WalkSAT_Optimized,80,400,UNSAT,0.2167
random3sat_bulk99.cnf,WalkSAT_Optimized,50,200,SAT,0.006
random3sat_bulk92.cnf,WalkSAT_Optimized,50,400,UNSAT,0.3807
random3sat_realistic_10.cnf,WalkSAT_Optimized,100,300,SAT,0.0862
random3sat_bulk98.cnf,WalkSAT_Optimized,60,350,UNSAT,0.2915
random3sat_realistic_100.cnf,WalkSAT_Optimized,60,180,UNSAT,0.1529
random3sat_realistic_1.cnf,WalkSAT_Optimized,70,420,UNSAT,0.3251
random3sat_realistic_1000.cnf,WalkSAT_Optimized,60,240,UNSAT,0.1792
random3sat_realistic_102.cnf,WalkSAT_Optimized,70,350,UNSAT,0.2096
random3sat_realistic_101.cnf,WalkSAT_Optimized,80,480,UNSAT,0.3114
random3sat_realistic_103.cnf,WalkSAT_Optimized,60,300,UNSAT,0.235
random3sat_realistic_104.cnf,WalkSAT_Optimized,60,360,UNSAT,0.2791
random3sat_realistic_105.cnf,WalkSAT_Optimized,90,540,UNSAT,0.2601
random3sat_realistic_107.cnf,WalkSAT_Optimized,90,450,UNSAT,0.2293
random3sat_realistic_106.cnf,WalkSAT_Optimized,80,480,UNSAT,0.2486
random3sat_realistic_109.cnf,WalkSAT_Optimized,50,150,SAT,0.0031
random3sat_realistic_108.cnf,WalkSAT_Optimized,150,450,SAT,0.1712
random3sat_realistic_111.cnf,WalkSAT_Optimized,50,150,UNSAT,0.1369
random3sat_realistic_110.cnf,WalkSAT_Optimized,90,360,UNSAT,0.1604
random3sat_realistic_11.cnf,WalkSAT_Optimized,150,750,UNSAT,0.2329
random3sat_realistic_112.cnf,WalkSAT_Optimized,120,360,UNSAT,0.1434
random3sat_realistic_114.cnf,WalkSAT_Optimized,90,270,UNSAT,0.1254
random3sat_realistic_113.cnf,WalkSAT_Optimized,60,300,UNSAT,0.2375
random3sat_realistic_116.cnf,WalkSAT_Optimized,120,480,UNSAT,0.1701
random3sat_realistic_115.cnf,WalkSAT_Optimized,70,350,UNSAT,0.2161
random3sat_realistic_117.cnf,WalkSAT_Optimized,100,400,UNSAT,0.1723
random3sat_realistic_118.cnf,WalkSAT_Optimized,50,150,UNSAT,0.1185
random3sat_realistic_119.cnf,WalkSAT_Optimized,90,270,UNSAT,0.1551
random3sat_realistic_12.cnf,WalkSAT_Optimized,90,360,UNSAT,0.1783
random3sat_realistic_120.cnf,WalkSAT_Optimized,100,500,UNSAT,0.2323
random3sat_realistic_121.cnf,WalkSAT_Optimized,150,750,UNSAT,0.2392
random3sat_realistic_124.cnf,WalkSAT_Optimized,50,150,UNSAT,0.1375
random3sat_realistic_122.cnf,WalkSAT_Optimized,100,600,UNSAT,0.2995
random3sat_realistic_126.cnf,WalkSAT_Optimized,50,200,SAT,0.0042
random3sat_realistic_123.cnf,WalkSAT_Optimized,70,420,UNSAT,0.2627
random3sat_realistic_125.cnf,WalkSAT_Optimized,90,450,UNSAT,0.2554
random3sat_realistic_127.cnf,WalkSAT_Optimized,120,480,UNSAT,0.1929
random3sat_realistic_129.cnf,WalkSAT_Optimized,100,500,UNSAT,0.2246
random3sat_realistic_13.cnf,WalkSAT_Optimized,100,300,UNSAT,0.1198
random3sat_realistic_128.cnf,WalkSAT_Optimized,150,900,UNSAT,0.3472
random3sat_realistic_132.cnf,WalkSAT_Optimized,60,180,UNSAT,0.1148
random3sat_realistic_130.cnf,WalkSAT_Optimized,90,360,UNSAT,0.1976
random3sat_realistic_131.cnf,WalkSAT_Optimized,90,540,UNSAT,0.3359
random3sat_realistic_133.cnf,WalkSAT_Optimized,90,450,UNSAT,0.2314
random3sat_realistic_134.cnf,WalkSAT_Optimized,120,600,UNSAT,0.2552
random3sat_realistic_135.cnf,WalkSAT_Optimized,60,360,UNSAT,0.2835
random3sat_realistic_137.cnf,WalkSAT_Optimized,120,360,UNSAT,0.1366
random3sat_realistic_14.cnf,WalkSAT_Optimized,90,270,SAT,0.0091
random3sat_realistic_138.cnf,WalkSAT_Optimized,80,240,UNSAT,0.1343
random3sat_realistic_136.cnf,WalkSAT_Optimized,120,600,UNSAT,0.2267
random3sat_realistic_142.cnf,WalkSAT_Optimized,120,360,SAT,0.0534
random3sat_realistic_139.cnf,WalkSAT_Optimized,120,480,UNSAT,0.1852
random3sat_realistic_140.cnf,WalkSAT_Optimized,70,280,UNSAT,0.1717
random3sat_realistic_143.cnf,WalkSAT_Optimized,90,270,UNSAT,0.1227
random3sat_realistic_141.cnf,WalkSAT_Optimized,80,480,UNSAT,0.3087
random3sat_realistic_144.cnf,WalkSAT_Optimized,50,300,UNSAT,0.2766
random3sat_realistic_146.cnf,WalkSAT_Optimized,80,320,UNSAT,0.17
random3sat_realistic_145.cnf,WalkSAT_Optimized,70,420,UNSAT,0.3104
random3sat_realistic_148.cnf,WalkSAT_Optimized,120,480,UNSAT,0.1989
random3sat_realistic_147.cnf,WalkSAT_Optimized,60,360,UNSAT,0.2968
random3sat_realistic_151.cnf,WalkSAT_Optimized,120,360,SAT,0.003
random3sat_realistic_149.cnf,WalkSAT_Optimized,50,300,UNSAT,0.308
random3sat_realistic_15.cnf,WalkSAT_Optimized,100,600,UNSAT,0.2969
random3sat_realistic_152.cnf,WalkSAT_Optimized,70,280,UNSAT,0.1864
random3sat_realistic_153.cnf,WalkSAT_Optimized,120,480,UNSAT,0.1864
random3sat_realistic_150.cnf,WalkSAT_Optimized,120,720,UNSAT,0.3426
random3sat_realistic_154.cnf,WalkSAT_Optimized,100,600,UNSAT,0.2861
random3sat_realistic_158.cnf,WalkSAT_Optimized,50,150,SAT,0.0031
random3sat_realistic_156.cnf,WalkSAT_Optimized,100,400,UNSAT,0.1999
random3sat_realistic_155.cnf,WalkSAT_Optimized,90,540,UNSAT,0.2981
random3sat_realistic_157.cnf,WalkSAT_Optimized,60,360,UNSAT,0.2532
random3sat_realistic_161.cnf,WalkSAT_Optimized,50,150,SAT,0.0023
random3sat_realistic_16.cnf,WalkSAT_Optimized,80,320,UNSAT,0.2015
random3sat_realistic_159.cnf,WalkSAT_Optimized,120,720,UNSAT,0.2909
random3sat_realistic_160.cnf,WalkSAT_Optimized,60,300,UNSAT,0.2371
random3sat_realistic_162.cnf,WalkSAT_Optimized,60,300,UNSAT,0.2406
random3sat_realistic_164.cnf,WalkSAT_Optimized,60,180,UNSAT,0.1274
random3sat_realistic_165.cnf,WalkSAT_Optimized,90,360,UNSAT,0.1676
random3sat_realistic_166.cnf,WalkSAT_Optimized,100,300,UNSAT,0.1692
random3sat_realistic_169.cnf,WalkSAT_Optimized,50,150,SAT,0.0028
random3sat_realistic_163.cnf,WalkSAT_Optimized,60,360,UNSAT,0.3103
random3sat_realistic_170.cnf,WalkSAT_Optimized,50,150,SAT,0.0027
random3sat_realistic_167.cnf,WalkSAT_Optimized,150,600,UNSAT,0.2063
random3sat_realistic_171.cnf,WalkSAT_Optimized,120,360,UNSAT,0.1384
random3sat_realistic_168.cnf,WalkSAT_Optimized,80,480,UNSAT,0.2914
random3sat_realistic_17.cnf,WalkSAT_Optimized,120,600,UNSAT,0.2883
random3sat_realistic_172.cnf,WalkSAT_Optimized,100,500,UNSAT,0.2279
random3sat_realistic_175.cnf,WalkSAT_Optimized,120,360,SAT,0.1325
random3sat_realistic_174.cnf,WalkSAT_Optimized,150,600,UNSAT,0.1865
random3sat_realistic_173.cnf,WalkSAT_Optimized,120,720,UNSAT,0.3295
random3sat_realistic_176.cnf,WalkSAT_Optimized,80,480,UNSAT,0.3042
random3sat_realistic_177.cnf,WalkSAT_Optimized,80,480,UNSAT,0.3289
random3sat_realistic_178.cnf,WalkSAT_Optimized,80,480,UNSAT,0.2972
random3sat_realistic_18.cnf,WalkSAT_Optimized,90,360,UNSAT,0.1759
random3sat_realistic_179.cnf,WalkSAT_Optimized,150,750,UNSAT,0.2825
random3sat_realistic_181.cnf,WalkSAT_Optimized,120,360,UNSAT,0.156
random3sat_realistic_183.cnf,WalkSAT_Optimized,50,200,UNSAT,0.1884
random3sat_realistic_182.cnf,WalkSAT_Optimized,90,360,UNSAT,0.1943
random3sat_realistic_184.cnf,WalkSAT_Optimized,150,450,UNSAT,0.1435
random3sat_realistic_180.cnf,WalkSAT_Optimized,70,420,UNSAT,0.3158
random3sat_realistic_188.cnf,WalkSAT_Optimized,90,270,SAT,0.0144
random3sat_realistic_186.cnf,WalkSAT_Optimized,100,400,UNSAT,0.1898
random3sat_realistic_185.cnf,WalkSAT_Optimized,60,240,UNSAT,0.1989
random3sat_realistic_187.cnf,WalkSAT_Optimized,50,150,UNSAT,0.1472
random3sat_realistic_190.cnf,WalkSAT_Optimized,70,210,SAT,0.0144
random3sat_realistic_189.cnf,WalkSAT_Optimized,50,200,UNSAT,0.1987
random3sat_realistic_191.cnf,WalkSAT_Optimized,120,480,UNSAT,0.2096
random3sat_realistic_192.cnf,WalkSAT_Optimized,90,360,UNSAT,0.2221
random3sat_realistic_19.cnf,WalkSAT_Optimized,120,600,UNSAT,0.2977
random3sat_realistic_193.cnf,WalkSAT_Optimized,70,280,UNSAT,0.2076
random3sat_realistic_194.cnf,WalkSAT_Optimized,120,480,UNSAT,0.2016
random3sat_realistic_197.cnf,WalkSAT_Optimized,60,180,UNSAT,0.1221
random3sat_realistic_195.cnf,WalkSAT_Optimized,50,250,UNSAT,0.2625
random3sat_realistic_2.cnf,WalkSAT_Optimized,80,320,SAT,0.0243
random3sat_realistic_196.cnf,WalkSAT_Optimized,120,720,UNSAT,0.3224
random3sat_realistic_198.cnf,WalkSAT_Optimized,50,250,UNSAT,0.2315
random3sat_realistic_199.cnf,WalkSAT_Optimized,80,480,UNSAT,0.2958
random3sat_realistic_20.cnf,WalkSAT_Optimized,150,750,UNSAT,0.2662
random3sat_realistic_201.cnf,WalkSAT_Optimized,80,480,UNSAT,0.2613
random3sat_realistic_200.cnf,WalkSAT_Optimized,150,900,UNSAT,0.3307
random3sat_realistic_202.cnf,WalkSAT_Optimized,70,350,UNSAT,0.2214
random3sat_realistic_206.cnf,WalkSAT_Optimized,80,240,UNSAT,0.1313
random3sat_realistic_203.cnf,WalkSAT_Optimized,50,300,UNSAT,0.2595
random3sat_realistic_204.cnf,WalkSAT_Optimized,80,480,UNSAT,0.2754
random3sat_realistic_208.cnf,WalkSAT_Optimized,80,240,UNSAT,0.1214
random3sat_realistic_205.cnf,WalkSAT_Optimized,70,420,UNSAT,0.2927
random3sat_realistic_207.cnf,WalkSAT_Optimized,150,450,UNSAT,0.1414
random3sat_realistic_210.cnf,WalkSAT_Optimized,100,300,SAT,0.0181
random3sat_realistic_21.cnf,WalkSAT_Optimized,80,240,UNSAT,0.1436
random3sat_realistic_212.cnf,WalkSAT_Optimized,150,450,UNSAT,0.126
random3sat_realistic_211.cnf,WalkSAT_Optimized,60,300,UNSAT,0.237
random3sat_realistic_209.cnf,WalkSAT_Optimized,90,540,UNSAT,0.2972
random3sat_realistic_216.cnf,WalkSAT_Optimized,80,240,SAT,0.0018
random3sat_realistic_213.cnf,WalkSAT_Optimized,150,750,UNSAT,0.2567
random3sat_realistic_215.cnf,WalkSAT_Optimized,120,360,UNSAT,0.1504
random3sat_realistic_219.cnf,WalkSAT_Optimized,60,180,SAT,0.0023
random3sat_realistic_214.cnf,WalkSAT_Optimized,150,900,UNSAT,0.3219
random3sat_realistic_217.cnf,WalkSAT_Optimized,90,450,UNSAT,0.2445
random3sat_realistic_22.cnf,WalkSAT_Optimized,70,210,UNSAT,0.155
random3sat_realistic_222.cnf,WalkSAT_Optimized,90,270,SAT,0.0406
random3sat_realistic_218.cnf,WalkSAT_Optimized,60,360,UNSAT,0.287
random3sat_realistic_224.cnf,WalkSAT_Optimized,60,180,SAT,0.0595
random3sat_realistic_220.cnf,WalkSAT_Optimized,60,360,UNSAT,0.2739
random3sat_realistic_226.cnf,WalkSAT_Optimized,70,210,SAT,0.0127
random3sat_realistic_227.cnf,WalkSAT_Optimized,90,270,SAT,0.0112
random3sat_realistic_221.cnf,WalkSAT_Optimized,120,720,UNSAT,0.3364
random3sat_realistic_229.cnf,WalkSAT_Optimized,90,270,SAT,0.0128
random3sat_realistic_223.cnf,WalkSAT_Optimized,120,600,UNSAT,0.2679
random3sat_realistic_225.cnf,WalkSAT_Optimized,60,240,UNSAT,0.176
random3sat_realistic_228.cnf,WalkSAT_Optimized,90,360,UNSAT,0.158
random3sat_realistic_23.cnf,WalkSAT_Optimized,70,350,UNSAT,0.2082
random3sat_realistic_232.cnf,WalkSAT_Optimized,120,360,UNSAT,0.1437
random3sat_realistic_231.cnf,WalkSAT_Optimized,80,320,UNSAT,0.1952
random3sat_realistic_230.cnf,WalkSAT_Optimized,90,540,UNSAT,0.2697
random3sat_realistic_236.cnf,WalkSAT_Optimized,90,270,SAT,0.0179
random3sat_realistic_234.cnf,WalkSAT_Optimized,120,360,UNSAT,0.1348
random3sat_realistic_235.cnf,WalkSAT_Optimized,90,360,UNSAT,0.1789
random3sat_realistic_233.cnf,WalkSAT_Optimized,120,720,UNSAT,0.2997
random3sat_realistic_237.cnf,WalkSAT_Optimized,100,600,UNSAT,0.2943
random3sat_realistic_239.cnf,WalkSAT_Optimized,60,240,UNSAT,0.181
random3sat_realistic_24.cnf,WalkSAT_Optimized,80,240,UNSAT,0.1481
random3sat_realistic_238.cnf,WalkSAT_Optimized,120,720,UNSAT,0.2802
random3sat_realistic_240.cnf,WalkSAT_Optimized,60,240,UNSAT,0.1655
random3sat_realistic_241.cnf,WalkSAT_Optimized,100,300,UNSAT,0.1332
random3sat_realistic_242.cnf,WalkSAT_Optimized,150,750,UNSAT,0.2518
random3sat_realistic_243.cnf,WalkSAT_Optimized,120,600,UNSAT,0.2428
random3sat_realistic_245.cnf,WalkSAT_Optimized,150,600,UNSAT,0.1825
random3sat_realistic_244.cnf,WalkSAT_Optimized,70,420,UNSAT,0.2718
random3sat_realistic_246.cnf,WalkSAT_Optimized,120,480,UNSAT,0.1704
random3sat_realistic_248.cnf,WalkSAT_Optimized,100,500,UNSAT,0.2274
random3sat_realistic_247.cnf,WalkSAT_Optimized,60,360,UNSAT,0.2646
random3sat_realistic_250.cnf,WalkSAT_Optimized,80,240,SAT,0.0272
random3sat_realistic_251.cnf,WalkSAT_Optimized,60,180,SAT,0.0315
random3sat_realistic_25.cnf,WalkSAT_Optimized,100,300,UNSAT,0.1444
random3sat_realistic_249.cnf,WalkSAT_Optimized,50,250,UNSAT,0.2242
random3sat_realistic_254.cnf,WalkSAT_Optimized,60,180,UNSAT,0.1199
random3sat_realistic_252.cnf,WalkSAT_Optimized,120,480,UNSAT,0.1752
random3sat_realistic_256.cnf,WalkSAT_Optimized,120,360,SAT,0.0297
random3sat_realistic_253.cnf,WalkSAT_Optimized,60,240,UNSAT,0.1813
random3sat_realistic_255.cnf,WalkSAT_Optimized,100,400,UNSAT,0.2025
random3sat_realistic_26.cnf,WalkSAT_Optimized,60,180,SAT,0.0088
random3sat_realistic_258.cnf,WalkSAT_Optimized,90,270,UNSAT,0.1233
random3sat_realistic_260.cnf,WalkSAT_Optimized,120,360,UNSAT,0.1286
random3sat_realistic_259.cnf,WalkSAT_Optimized,70,280,UNSAT,0.1719
random3sat_realistic_263.cnf,WalkSAT_Optimized,70,210,SAT,0.0147
random3sat_realistic_257.cnf,WalkSAT_Optimized,150,900,UNSAT,0.3044
random3sat_realistic_261.cnf,WalkSAT_Optimized,100,600,UNSAT,0.2953
random3sat_realistic_264.cnf,WalkSAT_Optimized,70,420,UNSAT,0.2598
random3sat_realistic_262.cnf,WalkSAT_Optimized,80,480,UNSAT,0.2863
random3sat_realistic_265.cnf,WalkSAT_Optimized,60,300,UNSAT,0.2245
random3sat_realistic_267.cnf,WalkSAT_Optimized,60,180,UNSAT,0.1177
random3sat_realistic_266.cnf,WalkSAT_Optimized,150,600,UNSAT,0.1823
random3sat_realistic_269.cnf,WalkSAT_Optimized,120,480,UNSAT,0.1858
random3sat_realistic_268.cnf,WalkSAT_Optimized,80,400,UNSAT,0.2338
random3sat_realistic_27.cnf,WalkSAT_Optimized,60,360,UNSAT,0.2544
random3sat_realistic_270.cnf,WalkSAT_Optimized,60,360,UNSAT,0.2603
random3sat_realistic_272.cnf,WalkSAT_Optimized,100,400,UNSAT,0.1986
random3sat_realistic_271.cnf,WalkSAT_Optimized,70,420,UNSAT,0.2672
random3sat_realistic_274.cnf,WalkSAT_Optimized,60,180,UNSAT,0.138
random3sat_realistic_273.cnf,WalkSAT_Optimized,60,360,UNSAT,0.2472
random3sat_realistic_275.cnf,WalkSAT_Optimized,120,720,UNSAT,0.301
random3sat_realistic_279.cnf,WalkSAT_Optimized,60,180,SAT,0.003
random3sat_realistic_276.cnf,WalkSAT_Optimized,100,600,UNSAT,0.2743
random3sat_realistic_278.cnf,WalkSAT_Optimized,70,350,UNSAT,0.2125
random3sat_realistic_277.cnf,WalkSAT_Optimized,120,720,UNSAT,0.2921
random3sat_realistic_28.cnf,WalkSAT_Optimized,150,750,UNSAT,0.2449
random3sat_realistic_280.cnf,WalkSAT_Optimized,80,400,UNSAT,0.2301
random3sat_realistic_281.cnf,WalkSAT_Optimized,100,400,UNSAT,0.198
random3sat_realistic_282.cnf,WalkSAT_Optimized,50,250,UNSAT,0.243
random3sat_realistic_283.cnf,WalkSAT_Optimized,120,480,UNSAT,0.1686
random3sat_realistic_286.cnf,WalkSAT_Optimized,70,210,UNSAT,0.1099
random3sat_realistic_287.cnf,WalkSAT_Optimized,80,240,SAT,0.0658
random3sat_realistic_284.cnf,WalkSAT_Optimized,150,750,UNSAT,0.2545
random3sat_realistic_285.cnf,WalkSAT_Optimized,50,300,UNSAT,0.2474
random3sat_realistic_289.cnf,WalkSAT_Optimized,80,320,UNSAT,0.1799
random3sat_realistic_29.cnf,WalkSAT_Optimized,50,250,UNSAT,0.228
random3sat_realistic_290.cnf,WalkSAT_Optimized,50,250,UNSAT,0.2133
random3sat_realistic_288.cnf,WalkSAT_Optimized,60,360,UNSAT,0.277
random3sat_realistic_292.cnf,WalkSAT_Optimized,60,300,UNSAT,0.2186
random3sat_realistic_294.cnf,WalkSAT_Optimized,80,400,UNSAT,0.2168
random3sat_realistic_293.cnf,WalkSAT_Optimized,50,300,UNSAT,0.2441
random3sat_realistic_291.cnf,WalkSAT_Optimized,80,480,UNSAT,0.2988
random3sat_realistic_296.cnf,WalkSAT_Optimized,70,210,SAT,0.0406
random3sat_realistic_297.cnf,WalkSAT_Optimized,60,180,SAT,0.0368
random3sat_realistic_295.cnf,WalkSAT_Optimized,60,240,UNSAT,0.1711
random3sat_realistic_298.cnf,WalkSAT_Optimized,90,360,UNSAT,0.1773
random3sat_realistic_3.cnf,WalkSAT_Optimized,60,240,UNSAT,0.1693
random3sat_realistic_299.cnf,WalkSAT_Optimized,80,480,UNSAT,0.2742
random3sat_realistic_300.cnf,WalkSAT_Optimized,100,300,UNSAT,0.1375
random3sat_realistic_301.cnf,WalkSAT_Optimized,90,270,UNSAT,0.1354
random3sat_realistic_30.cnf,WalkSAT_Optimized,120,720,UNSAT,0.2909
random3sat_realistic_304.cnf,WalkSAT_Optimized,150,450,UNSAT,0.1511
random3sat_realistic_303.cnf,WalkSAT_Optimized,50,200,UNSAT,0.1644
random3sat_realistic_302.cnf,WalkSAT_Optimized,150,900,UNSAT,0.3074
random3sat_realistic_306.cnf,WalkSAT_Optimized,90,360,UNSAT,0.1825
random3sat_realistic_305.cnf,WalkSAT_Optimized,90,540,UNSAT,0.2982
random3sat_realistic_307.cnf,WalkSAT_Optimized,50,300,UNSAT,0.2758
random3sat_realistic_308.cnf,WalkSAT_Optimized,50,300,UNSAT,0.2498
random3sat_realistic_310.cnf,WalkSAT_Optimized,70,210,SAT,0.043
random3sat_realistic_31.cnf,WalkSAT_Optimized,50,200,UNSAT,0.1766
random3sat_realistic_309.cnf,WalkSAT_Optimized,70,420,UNSAT,0.2877
random3sat_realistic_312.cnf,WalkSAT_Optimized,90,360,UNSAT,0.1734
random3sat_realistic_311.cnf,WalkSAT_Optimized,60,360,UNSAT,0.2569
random3sat_realistic_313.cnf,WalkSAT_Optimized,60,360,UNSAT,0.2724
random3sat_realistic_315.cnf,WalkSAT_Optimized,150,600,UNSAT,0.1871
random3sat_realistic_314.cnf,WalkSAT_Optimized,150,750,UNSAT,0.2561
random3sat_realistic_318.cnf,WalkSAT_Optimized,50,150,SAT,0.0157
random3sat_realistic_316.cnf,WalkSAT_Optimized,80,320,UNSAT,0.1881
random3sat_realistic_317.cnf,WalkSAT_Optimized,80,320,UNSAT,0.1747
random3sat_realistic_319.cnf,WalkSAT_Optimized,60,300,UNSAT,0.1931
random3sat_realistic_32.cnf,WalkSAT_Optimized,70,350,UNSAT,0.2071
random3sat_realistic_322.cnf,WalkSAT_Optimized,120,360,SAT,0.0456
random3sat_realistic_321.cnf,WalkSAT_Optimized,120,360,UNSAT,0.1411
random3sat_realistic_320.cnf,WalkSAT_Optimized,100,600,UNSAT,0.2789
random3sat_realistic_323.cnf,WalkSAT_Optimized,60,240,UNSAT,0.1722
random3sat_realistic_324.cnf,WalkSAT_Optimized,70,350,UNSAT,0.2236
random3sat_realistic_325.cnf,WalkSAT_Optimized,50,200,UNSAT,0.1935
random3sat_realistic_329.cnf,WalkSAT_Optimized,60,180,SAT,0.0059
random3sat_realistic_326.cnf,WalkSAT_Optimized,90,450,UNSAT,0.224
random3sat_realistic_327.cnf,WalkSAT_Optimized,90,360,UNSAT,0.1987
random3sat_realistic_328.cnf,WalkSAT_Optimized,50,200,UNSAT,0.1713
random3sat_realistic_330.cnf,WalkSAT_Optimized,120,360,UNSAT,0.1335
random3sat_realistic_33.cnf,WalkSAT_Optimized,60,360,UNSAT,0.2601
random3sat_realistic_332.cnf,WalkSAT_Optimized,70,210,UNSAT,0.131
random3sat_realistic_331.cnf,WalkSAT_Optimized,90,540,UNSAT,0.282
random3sat_realistic_333.cnf,WalkSAT_Optimized,100,500,UNSAT,0.2217
random3sat_realistic_337.cnf,WalkSAT_Optimized,100,300,SAT,0.0044
random3sat_realistic_335.cnf,WalkSAT_Optimized,50,250,UNSAT,0.2227
random3sat_realistic_334.cnf,WalkSAT_Optimized,120,720,UNSAT,0.2684
random3sat_realistic_336.cnf,WalkSAT_Optimized,90,360,UNSAT,0.2046
random3sat_realistic_338.cnf,WalkSAT_Optimized,70,280,UNSAT,0.161
random3sat_realistic_339.cnf,WalkSAT_Optimized,90,360,UNSAT,0.1641
random3sat_realistic_341.cnf,WalkSAT_Optimized,120,480,UNSAT,0.1704
random3sat_realistic_340.cnf,WalkSAT_Optimized,70,350,UNSAT,0.2093
random3sat_realistic_34.cnf,WalkSAT_Optimized,90,540,UNSAT,0.2678
random3sat_realistic_345.cnf,WalkSAT_Optimized,100,300,SAT,0.024
random3sat_realistic_344.cnf,WalkSAT_Optimized,150,450,UNSAT,0.1359
random3sat_realistic_342.cnf,WalkSAT_Optimized,60,360,UNSAT,0.2719
random3sat_realistic_343.cnf,WalkSAT_Optimized,60,300,UNSAT,0.2571
random3sat_realistic_348.cnf,WalkSAT_Optimized,120,360,UNSAT,0.1352
random3sat_realistic_346.cnf,WalkSAT_Optimized,80,480,UNSAT,0.2681
random3sat_realistic_347.cnf,WalkSAT_Optimized,70,350,UNSAT,0.2097
random3sat_realistic_350.cnf,WalkSAT_Optimized,80,320,UNSAT,0.1618
random3sat_realistic_349.cnf,WalkSAT_Optimized,100,500,UNSAT,0.2232
random3sat_realistic_352.cnf,WalkSAT_Optimized,50,150,SAT,0.0043
random3sat_realistic_35.cnf,WalkSAT_Optimized,50,250,UNSAT,0.2057
random3sat_realistic_353.cnf,WalkSAT_Optimized,50,150,SAT,0.0233
random3sat_realistic_351.cnf,WalkSAT_Optimized,120,600,UNSAT,0.2331
random3sat_realistic_356.cnf,WalkSAT_Optimized,60,300,UNSAT,0.2205
random3sat_realistic_354.cnf,WalkSAT_Optimized,120,720,UNSAT,0.2776
random3sat_realistic_355.cnf,WalkSAT_Optimized,60,360,UNSAT,0.2695
random3sat_realistic_359.cnf,WalkSAT_Optimized,50,150,SAT,0.0077
random3sat_realistic_357.cnf,WalkSAT_Optimized,50,250,UNSAT,0.1987
random3sat_realistic_361.cnf,WalkSAT_Optimized,60,180,SAT,0.0028
random3sat_realistic_362.cnf,WalkSAT_Optimized,80,320,UNSAT,0.1552
random3sat_realistic_358.cnf,WalkSAT_Optimized,70,350,UNSAT,0.2226
random3sat_realistic_36.cnf,WalkSAT_Optimized,60,300,UNSAT,0.2126
random3sat_realistic_360.cnf,WalkSAT_Optimized,50,300,UNSAT,0.2705
random3sat_realistic_363.cnf,WalkSAT_Optimized,70,280,UNSAT,0.1772
random3sat_realistic_364.cnf,WalkSAT_Optimized,80,400,UNSAT,0.2159
random3sat_realistic_365.cnf,WalkSAT_Optimized,90,540,UNSAT,0.2727
random3sat_realistic_367.cnf,WalkSAT_Optimized,50,200,UNSAT,0.1634
random3sat_realistic_366.cnf,WalkSAT_Optimized,60,360,UNSAT,0.2837
random3sat_realistic_370.cnf,WalkSAT_Optimized,120,360,SAT,0.0558
random3sat_realistic_368.cnf,WalkSAT_Optimized,70,420,UNSAT,0.2657
random3sat_realistic_371.cnf,WalkSAT_Optimized,50,150,UNSAT,0.1271
random3sat_realistic_369.cnf,WalkSAT_Optimized,80,480,UNSAT,0.2723
random3sat_realistic_37.cnf,WalkSAT_Optimized,100,600,UNSAT,0.2752
random3sat_realistic_372.cnf,WalkSAT_Optimized,70,280,UNSAT,0.1628
random3sat_realistic_375.cnf,WalkSAT_Optimized,50,150,UNSAT,0.1356
random3sat_realistic_373.cnf,WalkSAT_Optimized,100,500,UNSAT,0.2396
random3sat_realistic_374.cnf,WalkSAT_Optimized,60,360,UNSAT,0.24
random3sat_realistic_376.cnf,WalkSAT_Optimized,80,320,UNSAT,0.2058
random3sat_realistic_378.cnf,WalkSAT_Optimized,150,450,UNSAT,0.1382
random3sat_realistic_377.cnf,WalkSAT_Optimized,70,350,UNSAT,0.2406
random3sat_realistic_38.cnf,WalkSAT_Optimized,60,180,UNSAT,0.1294
random3sat_realistic_379.cnf,WalkSAT_Optimized,60,360,UNSAT,0.2877
random3sat_realistic_380.cnf,WalkSAT_Optimized,60,360,UNSAT,0.2726
random3sat_realistic_381.cnf,WalkSAT_Optimized,150,900,UNSAT,0.2934
random3sat_realistic_382.cnf,WalkSAT_Optimized,120,720,UNSAT,0.285
random3sat_realistic_384.cnf,WalkSAT_Optimized,120,360,UNSAT,0.1408
random3sat_realistic_383.cnf,WalkSAT_Optimized,100,500,UNSAT,0.2542
random3sat_realistic_385.cnf,WalkSAT_Optimized,120,480,UNSAT,0.175
random3sat_realistic_388.cnf,WalkSAT_Optimized,150,450,UNSAT,0.1284
random3sat_realistic_386.cnf,WalkSAT_Optimized,70,420,UNSAT,0.2538
random3sat_realistic_387.cnf,WalkSAT_Optimized,60,360,UNSAT,0.2767
random3sat_realistic_39.cnf,WalkSAT_Optimized,80,400,UNSAT,0.2247
random3sat_realistic_390.cnf,WalkSAT_Optimized,90,360,UNSAT,0.174
random3sat_realistic_389.cnf,WalkSAT_Optimized,90,540,UNSAT,0.2751
random3sat_realistic_391.cnf,WalkSAT_Optimized,70,280,UNSAT,0.1774
random3sat_realistic_393.cnf,WalkSAT_Optimized,50,300,UNSAT,0.2329
random3sat_realistic_392.cnf,WalkSAT_Optimized,90,540,UNSAT,0.267
random3sat_realistic_394.cnf,WalkSAT_Optimized,120,720,UNSAT,0.2923
random3sat_realistic_395.cnf,WalkSAT_Optimized,150,750,UNSAT,0.2479
random3sat_realistic_397.cnf,WalkSAT_Optimized,50,200,UNSAT,0.1544
random3sat_realistic_396.cnf,WalkSAT_Optimized,90,360,UNSAT,0.1879
random3sat_realistic_398.cnf,WalkSAT_Optimized,70,350,UNSAT,0.2286
random3sat_realistic_399.cnf,WalkSAT_Optimized,120,600,UNSAT,0.2255
random3sat_realistic_4.cnf,WalkSAT_Optimized,70,350,UNSAT,0.2306
random3sat_realistic_401.cnf,WalkSAT_Optimized,120,360,UNSAT,0.1291
random3sat_realistic_40.cnf,WalkSAT_Optimized,70,420,UNSAT,0.2653
random3sat_realistic_400.cnf,WalkSAT_Optimized,120,600,UNSAT,0.2445
random3sat_realistic_403.cnf,WalkSAT_Optimized,70,280,UNSAT,0.1773
random3sat_realistic_404.cnf,WalkSAT_Optimized,50,200,UNSAT,0.1942
random3sat_realistic_402.cnf,WalkSAT_Optimized,90,540,UNSAT,0.2861
random3sat_realistic_405.cnf,WalkSAT_Optimized,50,250,UNSAT,0.2178
random3sat_realistic_406.cnf,WalkSAT_Optimized,120,480,UNSAT,0.1782
random3sat_realistic_407.cnf,WalkSAT_Optimized,150,600,UNSAT,0.1811
random3sat_realistic_408.cnf,WalkSAT_Optimized,50,200,UNSAT,0.1419
random3sat_realistic_411.cnf,WalkSAT_Optimized,120,360,UNSAT,0.1153
random3sat_realistic_410.cnf,WalkSAT_Optimized,100,400,UNSAT,0.1604
random3sat_realistic_409.cnf,WalkSAT_Optimized,100,600,UNSAT,0.2764
random3sat_realistic_41.cnf,WalkSAT_Optimized,150,750,UNSAT,0.2339
random3sat_realistic_412.cnf,WalkSAT_Optimized,60,180,UNSAT,0.1267
random3sat_realistic_416.cnf,WalkSAT_Optimized,50,200,SAT,0.0201
random3sat_realistic_414.cnf,WalkSAT_Optimized,100,500,UNSAT,0.2054
random3sat_realistic_418.cnf,WalkSAT_Optimized,100,300,SAT,0.0047
random3sat_realistic_415.cnf,WalkSAT_Optimized,90,450,UNSAT,0.2203
random3sat_realistic_413.cnf,WalkSAT_Optimized,60,360,UNSAT,0.2669
random3sat_realistic_417.cnf,WalkSAT_Optimized,60,240,UNSAT,0.1707
random3sat_realistic_421.cnf,WalkSAT_Optimized,150,450,SAT,0.0189
random3sat_realistic_422.cnf,WalkSAT_Optimized,120,480,UNSAT,0.213
random3sat_realistic_420.cnf,WalkSAT_Optimized,50,300,UNSAT,0.2868
random3sat_realistic_419.cnf,WalkSAT_Optimized,100,600,UNSAT,0.3534
random3sat_realistic_42.cnf,WalkSAT_Optimized,70,420,UNSAT,0.3585
random3sat_realistic_424.cnf,WalkSAT_Optimized,70,210,UNSAT,0.1143
random3sat_realistic_425.cnf,WalkSAT_Optimized,90,450,UNSAT,0.2654
random3sat_realistic_423.cnf,WalkSAT_Optimized,90,540,UNSAT,0.3174
random3sat_realistic_426.cnf,WalkSAT_Optimized,70,280,UNSAT,0.1889
random3sat_realistic_427.cnf,WalkSAT_Optimized,100,400,UNSAT,0.227
random3sat_realistic_430.cnf,WalkSAT_Optimized,120,360,SAT,0.0662
random3sat_realistic_429.cnf,WalkSAT_Optimized,100,400,UNSAT,0.2048
random3sat_realistic_428.cnf,WalkSAT_Optimized,150,750,UNSAT,0.2571
random3sat_realistic_43.cnf,WalkSAT_Optimized,80,400,UNSAT,0.2467
random3sat_realistic_431.cnf,WalkSAT_Optimized,150,450,UNSAT,0.1301
random3sat_realistic_433.cnf,WalkSAT_Optimized,70,210,UNSAT,0.1454
random3sat_realistic_435.cnf,WalkSAT_Optimized,150,600,UNSAT,0.2041
random3sat_realistic_432.cnf,WalkSAT_Optimized,90,540,UNSAT,0.2882
random3sat_realistic_434.cnf,WalkSAT_Optimized,60,360,UNSAT,0.2688
random3sat_realistic_438.cnf,WalkSAT_Optimized,50,200,UNSAT,0.1858
random3sat_realistic_436.cnf,WalkSAT_Optimized,120,720,UNSAT,0.3144
random3sat_realistic_437.cnf,WalkSAT_Optimized,50,300,UNSAT,0.2896
random3sat_realistic_439.cnf,WalkSAT_Optimized,80,400,UNSAT,0.2409
random3sat_realistic_440.cnf,WalkSAT_Optimized,70,210,UNSAT,0.1339
random3sat_realistic_441.cnf,WalkSAT_Optimized,90,360,UNSAT,0.1594
random3sat_realistic_442.cnf,WalkSAT_Optimized,60,300,UNSAT,0.2028
random3sat_realistic_443.cnf,WalkSAT_Optimized,120,360,SAT,0.1317
random3sat_realistic_44.cnf,WalkSAT_Optimized,80,480,UNSAT,0.2956
random3sat_realistic_446.cnf,WalkSAT_Optimized,80,240,SAT,0.0382
random3sat_realistic_444.cnf,WalkSAT_Optimized,60,300,UNSAT,0.2439
random3sat_realistic_448.cnf,WalkSAT_Optimized,100,300,SAT,0.0937
random3sat_realistic_447.cnf,WalkSAT_Optimized,90,360,UNSAT,0.1998
random3sat_realistic_445.cnf,WalkSAT_Optimized,80,480,UNSAT,0.3649
random3sat_realistic_45.cnf,WalkSAT_Optimized,50,250,UNSAT,0.2278
random3sat_realistic_449.cnf,WalkSAT_Optimized,80,480,UNSAT,0.2915
random3sat_realistic_450.cnf,WalkSAT_Optimized,80,320,UNSAT,0.1905
random3sat_realistic_451.cnf,WalkSAT_Optimized,80,320,UNSAT,0.1835
random3sat_realistic_454.cnf,WalkSAT_Optimized,80,240,UNSAT,0.1391
random3sat_realistic_452.cnf,WalkSAT_Optimized,80,320,UNSAT,0.1727
random3sat_realistic_453.cnf,WalkSAT_Optimized,50,300,UNSAT,0.2716
random3sat_realistic_457.cnf,WalkSAT_Optimized,100,300,UNSAT,0.1571
random3sat_realistic_455.cnf,WalkSAT_Optimized,50,300,UNSAT,0.2847
random3sat_realistic_456.cnf,WalkSAT_Optimized,120,600,UNSAT,0.2319
random3sat_realistic_458.cnf,WalkSAT_Optimized,50,250,UNSAT,0.213
random3sat_realistic_459.cnf,WalkSAT_Optimized,90,450,UNSAT,0.2299
random3sat_realistic_46.cnf,WalkSAT_Optimized,50,250,UNSAT,0.2058
random3sat_realistic_460.cnf,WalkSAT_Optimized,70,350,UNSAT,0.2075
random3sat_realistic_461.cnf,WalkSAT_Optimized,70,350,UNSAT,0.2162
random3sat_realistic_464.cnf,WalkSAT_Optimized,50,250,UNSAT,0.1907
random3sat_realistic_462.cnf,WalkSAT_Optimized,50,300,UNSAT,0.2512
random3sat_realistic_463.cnf,WalkSAT_Optimized,60,360,UNSAT,0.2432
random3sat_realistic_465.cnf,WalkSAT_Optimized,100,500,UNSAT,0.2466
random3sat_realistic_469.cnf,WalkSAT_Optimized,70,210,SAT,0.0051
random3sat_realistic_466.cnf,WalkSAT_Optimized,80,400,UNSAT,0.2248
random3sat_realistic_468.cnf,WalkSAT_Optimized,80,400,UNSAT,0.2203
random3sat_realistic_471.cnf,WalkSAT_Optimized,60,240,SAT,0.0136
6
random3sat_realistic_470.cnf,WalkSAT_Optimized,90,270,SAT,0.016
random3sat_realistic_474.cnf,WalkSAT_Optimized,120,360,UNSAT,0.1155
random3sat_realistic_47.cnf,WalkSAT_Optimized,90,450,UNSAT,0.2335
random3sat_realistic_473.cnf,WalkSAT_Optimized,150,600,UNSAT,0.178
random3sat_realistic_472.cnf,WalkSAT_Optimized,50,300,UNSAT,0.2583
random3sat_realistic_475.cnf,WalkSAT_Optimized,90,360,UNSAT,0.1587
random3sat_realistic_476.cnf,WalkSAT_Optimized,90,360,UNSAT,0.1656
random3sat_realistic_477.cnf,WalkSAT_Optimized,80,240,UNSAT,0.1335
random3sat_realistic_479.cnf,WalkSAT_Optimized,90,360,UNSAT,0.1734
random3sat_realistic_478.cnf,WalkSAT_Optimized,70,350,UNSAT,0.224
random3sat_realistic_48.cnf,WalkSAT_Optimized,100,400,UNSAT,0.1766
random3sat_realistic_480.cnf,WalkSAT_Optimized,120,600,UNSAT,0.2445
random3sat_realistic_484.cnf,WalkSAT_Optimized,60,180,SAT,0.0023
random3sat_realistic_482.cnf,WalkSAT_Optimized,50,150,UNSAT,0.127
random3sat_realistic_481.cnf,WalkSAT_Optimized,50,200,UNSAT,0.1678
random3sat_realistic_483.cnf,WalkSAT_Optimized,50,200,UNSAT,0.1893
random3sat_realistic_487.cnf,WalkSAT_Optimized,50,250,UNSAT,0.2064
random3sat_realistic_486.cnf,WalkSAT_Optimized,150,750,UNSAT,0.2249
random3sat_realistic_49.cnf,WalkSAT_Optimized,50,200,SAT,0.0034
random3sat_realistic_485.cnf,WalkSAT_Optimized,150,900,UNSAT,0.3018
random3sat_realistic_488.cnf,WalkSAT_Optimized,100,600,UNSAT,0.2811
random3sat_realistic_490.cnf,WalkSAT_Optimized,60,240,UNSAT,0.1597
random3sat_realistic_489.cnf,WalkSAT_Optimized,150,600,UNSAT,0.1899
random3sat_realistic_491.cnf,WalkSAT_Optimized,70,350,UNSAT,0.2226
random3sat_realistic_495.cnf,WalkSAT_Optimized,80,240,SAT,0.0203
random3sat_realistic_492.cnf,WalkSAT_Optimized,50,250,UNSAT,0.2105
random3sat_realistic_494.cnf,WalkSAT_Optimized,150,750,UNSAT,0.2365
random3sat_realistic_493.cnf,WalkSAT_Optimized,90,540,UNSAT,0.2647
random3sat_realistic_496.cnf,WalkSAT_Optimized,80,400,UNSAT,0.2145
random3sat_realistic_497.cnf,WalkSAT_Optimized,50,150,UNSAT,0.1383
random3sat_realistic_499.cnf,WalkSAT_Optimized,150,600,UNSAT,0.1856
random3sat_realistic_50.cnf,WalkSAT_Optimized,60,180,UNSAT,0.1227
random3sat_realistic_498.cnf,WalkSAT_Optimized,150,750,UNSAT,0.2453
random3sat_realistic_5.cnf,WalkSAT_Optimized,50,300,UNSAT,0.2484
random3sat_realistic_501.cnf,WalkSAT_Optimized,70,280,UNSAT,0.1833
random3sat_realistic_503.cnf,WalkSAT_Optimized,120,360,UNSAT,0.1237
random3sat_realistic_502.cnf,WalkSAT_Optimized,100,400,UNSAT,0.1705
random3sat_realistic_500.cnf,WalkSAT_Optimized,100,500,UNSAT,0.2357
random3sat_realistic_506.cnf,WalkSAT_Optimized,100,300,UNSAT,0.1344
random3sat_realistic_508.cnf,WalkSAT_Optimized,100,300,SAT,0.0061
random3sat_realistic_504.cnf,WalkSAT_Optimized,120,480,UNSAT,0.1882
random3sat_realistic_507.cnf,WalkSAT_Optimized,90,450,UNSAT,0.2088
random3sat_realistic_505.cnf,WalkSAT_Optimized,150,750,UNSAT,0.2561
random3sat_realistic_511.cnf,WalkSAT_Optimized,70,280,SAT,0.0114
random3sat_realistic_51.cnf,WalkSAT_Optimized,150,450,UNSAT,0.1375
random3sat_realistic_509.cnf,WalkSAT_Optimized,90,450,UNSAT,0.2309
random3sat_realistic_510.cnf,WalkSAT_Optimized,80,400,UNSAT,0.2262
random3sat_realistic_512.cnf,WalkSAT_Optimized,120,720,UNSAT,0.2876
random3sat_realistic_514.cnf,WalkSAT_Optimized,80,400,UNSAT,0.2105
random3sat_realistic_513.cnf,WalkSAT_Optimized,100,600,UNSAT,0.285
random3sat_realistic_516.cnf,WalkSAT_Optimized,70,280,UNSAT,0.1716
random3sat_realistic_515.cnf,WalkSAT_Optimized,80,480,UNSAT,0.2994
random3sat_realistic_518.cnf,WalkSAT_Optimized,70,350,UNSAT,0.2261
random3sat_realistic_517.cnf,WalkSAT_Optimized,60,360,UNSAT,0.2915
random3sat_realistic_519.cnf,WalkSAT_Optimized,60,240,UNSAT,0.1714
random3sat_realistic_52.cnf,WalkSAT_Optimized,70,420,UNSAT,0.2536
random3sat_realistic_523.cnf,WalkSAT_Optimized,60,180,SAT,0.0018
random3sat_realistic_524.cnf,WalkSAT_Optimized,90,270,SAT,0.0142
random3sat_realistic_520.cnf,WalkSAT_Optimized,100,600,UNSAT,0.2786
random3sat_realistic_521.cnf,WalkSAT_Optimized,100,600,UNSAT,0.2816
random3sat_realistic_522.cnf,WalkSAT_Optimized,150,750,UNSAT,0.2386
random3sat_realistic_525.cnf,WalkSAT_Optimized,90,360,UNSAT,0.1905
random3sat_realistic_526.cnf,WalkSAT_Optimized,60,240,UNSAT,0.1593
random3sat_realistic_528.cnf,WalkSAT_Optimized,120,360,UNSAT,0.137
random3sat_realistic_527.cnf,WalkSAT_Optimized,50,300,UNSAT,0.2549
random3sat_realistic_53.cnf,WalkSAT_Optimized,80,240,UNSAT,0.1434
random3sat_realistic_530.cnf,WalkSAT_Optimized,60,300,UNSAT,0.2043
random3sat_realistic_529.cnf,WalkSAT_Optimized,100,600,UNSAT,0.2844
random3sat_realistic_532.cnf,WalkSAT_Optimized,60,300,UNSAT,0.1973
random3sat_realistic_533.cnf,WalkSAT_Optimized,90,270,UNSAT,0.1268
random3sat_realistic_536.cnf,WalkSAT_Optimized,80,240,SAT,0.0113
random3sat_realistic_531.cnf,WalkSAT_Optimized,80,480,UNSAT,0.3069
random3sat_realistic_538.cnf,WalkSAT_Optimized,90,270,SAT,0.0144
random3sat_realistic_534.cnf,WalkSAT_Optimized,70,420,UNSAT,0.2836
random3sat_realistic_537.cnf,WalkSAT_Optimized,120,480,UNSAT,0.1998
random3sat_realistic_535.cnf,WalkSAT_Optimized,100,600,UNSAT,0.29
random3sat_realistic_539.cnf,WalkSAT_Optimized,100,600,UNSAT,0.2773
random3sat_realistic_54.cnf,WalkSAT_Optimized,90,540,UNSAT,0.2606
random3sat_realistic_540.cnf,WalkSAT_Optimized,50,300,UNSAT,0.2533
random3sat_realistic_542.cnf,WalkSAT_Optimized,150,450,UNSAT,0.1515
random3sat_realistic_541.cnf,WalkSAT_Optimized,70,420,UNSAT,0.2595
random3sat_realistic_546.cnf,WalkSAT_Optimized,50,150,SAT,0.0009
random3sat_realistic_543.cnf,WalkSAT_Optimized,70,280,UNSAT,0.1804
random3sat_realistic_544.cnf,WalkSAT_Optimized,60,240,UNSAT,0.1733
random3sat_realistic_545.cnf,WalkSAT_Optimized,50,200,UNSAT,0.1577
random3sat_realistic_547.cnf,WalkSAT_Optimized,90,360,UNSAT,0.169
random3sat_realistic_548.cnf,WalkSAT_Optimized,60,180,UNSAT,0.1103
random3sat_realistic_55.cnf,WalkSAT_Optimized,120,480,UNSAT,0.1846
random3sat_realistic_552.cnf,WalkSAT_Optimized,50,150,SAT,0.0111
random3sat_realistic_549.cnf,WalkSAT_Optimized,100,600,UNSAT,0.2898
random3sat_realistic_554.cnf,WalkSAT_Optimized,60,180,SAT,0.0081
random3sat_realistic_550.cnf,WalkSAT_Optimized,50,300,UNSAT,0.2518
random3sat_realistic_556.cnf,WalkSAT_Optimized,50,150,SAT,0.003
random3sat_realistic_551.cnf,WalkSAT_Optimized,150,900,UNSAT,0.2961
random3sat_realistic_557.cnf,WalkSAT_Optimized,100,400,UNSAT,0.1825
random3sat_realistic_558.cnf,WalkSAT_Optimized,70,280,UNSAT,0.1732
random3sat_realistic_553.cnf,WalkSAT_Optimized,120,720,UNSAT,0.312
random3sat_realistic_555.cnf,WalkSAT_Optimized,80,480,UNSAT,0.2833
random3sat_realistic_560.cnf,WalkSAT_Optimized,60,180,SAT,0.0313
random3sat_realistic_559.cnf,WalkSAT_Optimized,150,600,UNSAT,0.1837
random3sat_realistic_56.cnf,WalkSAT_Optimized,80,400,UNSAT,0.2043
random3sat_realistic_562.cnf,WalkSAT_Optimized,60,240,UNSAT,0.1657
random3sat_realistic_561.cnf,WalkSAT_Optimized,90,450,UNSAT,0.2244
random3sat_realistic_564.cnf,WalkSAT_Optimized,90,270,UNSAT,0.1291
random3sat_realistic_563.cnf,WalkSAT_Optimized,150,900,UNSAT,0.2785
random3sat_realistic_566.cnf,WalkSAT_Optimized,120,600,UNSAT,0.233
random3sat_realistic_565.cnf,WalkSAT_Optimized,50,300,UNSAT,0.2699
random3sat_realistic_567.cnf,WalkSAT_Optimized,80,400,UNSAT,0.2037
random3sat_realistic_57.cnf,WalkSAT_Optimized,100,300,UNSAT,0.1232
random3sat_realistic_568.cnf,WalkSAT_Optimized,100,600,UNSAT,0.2694
random3sat_realistic_570.cnf,WalkSAT_Optimized,50,200,UNSAT,0.171
random3sat_realistic_569.cnf,WalkSAT_Optimized,120,720,UNSAT,0.2819
random3sat_realistic_571.cnf,WalkSAT_Optimized,50,250,UNSAT,0.1922
random3sat_realistic_572.cnf,WalkSAT_Optimized,100,400,UNSAT,0.2006
random3sat_realistic_576.cnf,WalkSAT_Optimized,50,150,SAT,0.0011
random3sat_realistic_573.cnf,WalkSAT_Optimized,150,750,UNSAT,0.2489
random3sat_realistic_574.cnf,WalkSAT_Optimized,50,300,UNSAT,0.2714
random3sat_realistic_575.cnf,WalkSAT_Optimized,120,600,UNSAT,0.247
random3sat_realistic_578.cnf,WalkSAT_Optimized,50,200,UNSAT,0.1753
random3sat_realistic_577.cnf,WalkSAT_Optimized,60,360,UNSAT,0.2629
random3sat_realistic_58.cnf,WalkSAT_Optimized,120,360,UNSAT,0.1308
random3sat_realistic_579.cnf,WalkSAT_Optimized,150,600,UNSAT,0.1881
random3sat_realistic_581.cnf,WalkSAT_Optimized,150,450,UNSAT,0.1299
random3sat_realistic_580.cnf,WalkSAT_Optimized,60,300,UNSAT,0.2344
random3sat_realistic_582.cnf,WalkSAT_Optimized,70,420,UNSAT,0.2615
random3sat_realistic_584.cnf,WalkSAT_Optimized,120,360,UNSAT,0.1308
random3sat_realistic_583.cnf,WalkSAT_Optimized,80,480,UNSAT,0.2606
random3sat_realistic_586.cnf,WalkSAT_Optimized,80,240,SAT,0.0669
random3sat_realistic_588.cnf,WalkSAT_Optimized,60,180,SAT,0.0367
random3sat_realistic_585.cnf,WalkSAT_Optimized,150,600,UNSAT,0.1788
random3sat_realistic_587.cnf,WalkSAT_Optimized,70,350,UNSAT,0.2122
random3sat_realistic_59.cnf,WalkSAT_Optimized,150,450,UNSAT,0.1172
random3sat_realistic_589.cnf,WalkSAT_Optimized,70,280,UNSAT,0.1631
random3sat_realistic_590.cnf,WalkSAT_Optimized,120,480,UNSAT,0.1821
random3sat_realistic_591.cnf,WalkSAT_Optimized,60,180,UNSAT,0.1462
random3sat_realistic_593.cnf,WalkSAT_Optimized,70,350,UNSAT,0.2331
random3sat_realistic_594.cnf,WalkSAT_Optimized,60,240,UNSAT,0.1632
random3sat_realistic_592.cnf,WalkSAT_Optimized,150,900,UNSAT,0.2895
random3sat_realistic_595.cnf,WalkSAT_Optimized,80,480,UNSAT,0.2887
random3sat_realistic_598.cnf,WalkSAT_Optimized,50,150,UNSAT,0.1674
random3sat_realistic_597.cnf,WalkSAT_Optimized,50,200,UNSAT,0.1944
random3sat_realistic_596.cnf,WalkSAT_Optimized,150,900,UNSAT,0.3239
random3sat_realistic_60.cnf,WalkSAT_Optimized,150,600,UNSAT,0.1757
random3sat_realistic_599.cnf,WalkSAT_Optimized,50,250,UNSAT,0.2318
random3sat_realistic_6.cnf,WalkSAT_Optimized,70,420,UNSAT,0.29
random3sat_realistic_602.cnf,WalkSAT_Optimized,120,360,UNSAT,0.1175
random3sat_realistic_600.cnf,WalkSAT_Optimized,80,480,UNSAT,0.2667
random3sat_realistic_604.cnf,WalkSAT_Optimized,70,280,UNSAT,0.1715
random3sat_realistic_606.cnf,WalkSAT_Optimized,60,180,SAT,0.003
random3sat_realistic_601.cnf,WalkSAT_Optimized,150,900,UNSAT,0.3176
random3sat_realistic_603.cnf,WalkSAT_Optimized,60,300,UNSAT,0.2149
random3sat_realistic_605.cnf,WalkSAT_Optimized,150,750,UNSAT,0.2213
random3sat_realistic_61.cnf,WalkSAT_Optimized,80,240,SAT,0.0023
random3sat_realistic_608.cnf,WalkSAT_Optimized,100,500,UNSAT,0.2405
random3sat_realistic_609.cnf,WalkSAT_Optimized,150,750,UNSAT,0.276
random3sat_realistic_607.cnf,WalkSAT_Optimized,80,480,UNSAT,0.2945
random3sat_realistic_610.cnf,WalkSAT_Optimized,70,350,UNSAT,0.2182
random3sat_realistic_612.cnf,WalkSAT_Optimized,90,270,UNSAT,0.1445
random3sat_realistic_611.cnf,WalkSAT_Optimized,150,750,UNSAT,0.2517
random3sat_realistic_613.cnf,WalkSAT_Optimized,100,500,UNSAT,0.2217
random3sat_realistic_616.cnf,WalkSAT_Optimized,100,300,SAT,0.0173
random3sat_realistic_614.cnf,WalkSAT_Optimized,150,900,UNSAT,0.3022
random3sat_realistic_615.cnf,WalkSAT_Optimized,80,400,UNSAT,0.2167
random3sat_realistic_617.cnf,WalkSAT_Optimized,60,240,UNSAT,0.1848
random3sat_realistic_618.cnf,WalkSAT_Optimized,50,250,UNSAT,0.2013
random3sat_realistic_619.cnf,WalkSAT_Optimized,80,240,UNSAT,0.139
random3sat_realistic_62.cnf,WalkSAT_Optimized,120,600,UNSAT,0.2312
random3sat_realistic_620.cnf,WalkSAT_Optimized,70,420,UNSAT,0.2944
random3sat_realistic_622.cnf,WalkSAT_Optimized,150,750,UNSAT,0.2414
random3sat_realistic_623.cnf,WalkSAT_Optimized,100,600,UNSAT,0.327
random3sat_realistic_627.cnf,WalkSAT_Optimized,80,240,SAT,0.0062
random3sat_realistic_624.cnf,WalkSAT_Optimized,100,400,UNSAT,0.2069
random3sat_realistic_625.cnf,WalkSAT_Optimized,100,500,UNSAT,0.2589
random3sat_realistic_626.cnf,WalkSAT_Optimized,120,720,UNSAT,0.3181
random3sat_realistic_628.cnf,WalkSAT_Optimized,80,240,UNSAT,0.1348
random3sat_realistic_63.cnf,WalkSAT_Optimized,50,200,UNSAT,0.1718
random3sat_realistic_629.cnf,WalkSAT_Optimized,120,720,UNSAT,0.287
random3sat_realistic_633.cnf,WalkSAT_Optimized,50,150,SAT,0.0013
random3sat_realistic_631.cnf,WalkSAT_Optimized,50,300,UNSAT,0.2587
random3sat_realistic_630.cnf,WalkSAT_Optimized,150,900,UNSAT,0.3185
random3sat_realistic_632.cnf,WalkSAT_Optimized,150,750,UNSAT,0.2226
random3sat_realistic_634.cnf,WalkSAT_Optimized,70,420,UNSAT,0.2668
random3sat_realistic_637.cnf,WalkSAT_Optimized,120,360,UNSAT,0.1179
random3sat_realistic_636.cnf,WalkSAT_Optimized,90,360,UNSAT,0.1741
random3sat_realistic_635.cnf,WalkSAT_Optimized,70,350,UNSAT,0.213
random3sat_realistic_639.cnf,WalkSAT_Optimized,70,210,UNSAT,0.1541
random3sat_realistic_640.cnf,WalkSAT_Optimized,60,240,UNSAT,0.1826
random3sat_realistic_64.cnf,WalkSAT_Optimized,90,360,UNSAT,0.1937
random3sat_realistic_638.cnf,WalkSAT_Optimized,90,540,UNSAT,0.26
random3sat_realistic_642.cnf,WalkSAT_Optimized,70,210,SAT,0.1245
random3sat_realistic_641.cnf,WalkSAT_Optimized,80,400,UNSAT,0.2654
random3sat_realistic_643.cnf,WalkSAT_Optimized,70,350,UNSAT,0.2471
random3sat_realistic_645.cnf,WalkSAT_Optimized,80,320,UNSAT,0.1618
random3sat_realistic_644.cnf,WalkSAT_Optimized,150,900,UNSAT,0.3212
random3sat_realistic_646.cnf,WalkSAT_Optimized,50,200,UNSAT,0.1823
random3sat_realistic_648.cnf,WalkSAT_Optimized,50,200,UNSAT,0.178
random3sat_realistic_647.cnf,WalkSAT_Optimized,100,500,UNSAT,0.2447
random3sat_realistic_649.cnf,WalkSAT_Optimized,120,480,UNSAT,0.191
random3sat_realistic_65.cnf,WalkSAT_Optimized,80,320,UNSAT,0.1642
random3sat_realistic_653.cnf,WalkSAT_Optimized,90,270,SAT,0.0043
random3sat_realistic_651.cnf,WalkSAT_Optimized,60,240,UNSAT,0.1649
random3sat_realistic_652.cnf,WalkSAT_Optimized,70,350,UNSAT,0.2391
random3sat_realistic_650.cnf,WalkSAT_Optimized,90,540,UNSAT,0.2714
random3sat_realistic_655.cnf,WalkSAT_Optimized,50,200,UNSAT,0.1572
random3sat_realistic_654.cnf,WalkSAT_Optimized,80,480,UNSAT,0.2667
random3sat_realistic_656.cnf,WalkSAT_Optimized,90,270,UNSAT,0.141
random3sat_realistic_657.cnf,WalkSAT_Optimized,100,400,UNSAT,0.174
random3sat_realistic_658.cnf,WalkSAT_Optimized,100,400,UNSAT,0.1625
random3sat_realistic_659.cnf,WalkSAT_Optimized,100,400,UNSAT,0.1615
random3sat_realistic_66.cnf,WalkSAT_Optimized,150,600,UNSAT,0.1916
random3sat_realistic_660.cnf,WalkSAT_Optimized,70,280,UNSAT,0.1773
random3sat_realistic_661.cnf,WalkSAT_Optimized,100,400,UNSAT,0.1664
random3sat_realistic_663.cnf,WalkSAT_Optimized,80,240,UNSAT,0.143
random3sat_realistic_664.cnf,WalkSAT_Optimized,80,240,UNSAT,0.1268
random3sat_realistic_662.cnf,WalkSAT_Optimized,90,450,UNSAT,0.2507
random3sat_realistic_666.cnf,WalkSAT_Optimized,100,300,UNSAT,0.1427
random3sat_realistic_668.cnf,WalkSAT_Optimized,70,280,UNSAT,0.1889
random3sat_realistic_665.cnf,WalkSAT_Optimized,120,720,UNSAT,0.2965
random3sat_realistic_667.cnf,WalkSAT_Optimized,60,360,UNSAT,0.2594
random3sat_realistic_67.cnf,WalkSAT_Optimized,150,450,SAT,0.1343
random3sat_realistic_669.cnf,WalkSAT_Optimized,90,540,UNSAT,0.2762
random3sat_realistic_670.cnf,WalkSAT_Optimized,120,480,UNSAT,0.1787
random3sat_realistic_671.cnf,WalkSAT_Optimized,90,360,UNSAT,0.2327
random3sat_realistic_674.cnf,WalkSAT_Optimized,120,360,SAT,0.1158
random3sat_realistic_672.cnf,WalkSAT_Optimized,100,500,UNSAT,0.2389
random3sat_realistic_677.cnf,WalkSAT_Optimized,60,180,SAT,0.0067
random3sat_realistic_673.cnf,WalkSAT_Optimized,100,600,UNSAT,0.3114
random3sat_realistic_675.cnf,WalkSAT_Optimized,150,750,UNSAT,0.283
random3sat_realistic_676.cnf,WalkSAT_Optimized,70,350,UNSAT,0.2731
random3sat_realistic_680.cnf,WalkSAT_Optimized,60,180,SAT,0.0165
random3sat_realistic_678.cnf,WalkSAT_Optimized,100,600,UNSAT,0.2868
random3sat_realistic_679.cnf,WalkSAT_Optimized,60,360,UNSAT,0.2372
random3sat_realistic_68.cnf,WalkSAT_Optimized,120,600,UNSAT,0.2123
random3sat_realistic_681.cnf,WalkSAT_Optimized,70,420,UNSAT,0.2545
random3sat_realistic_682.cnf,WalkSAT_Optimized,90,450,UNSAT,0.2059
random3sat_realistic_684.cnf,WalkSAT_Optimized,70,280,UNSAT,0.1526
random3sat_realistic_683.cnf,WalkSAT_Optimized,50,300,UNSAT,0.2555
random3sat_realistic_685.cnf,WalkSAT_Optimized,120,720,UNSAT,0.2833
random3sat_realistic_689.cnf,WalkSAT_Optimized,100,300,SAT,0.0076
random3sat_realistic_687.cnf,WalkSAT_Optimized,50,250,UNSAT,0.2004
random3sat_realistic_686.cnf,WalkSAT_Optimized,150,900,UNSAT,0.3022
random3sat_realistic_688.cnf,WalkSAT_Optimized,120,600,UNSAT,0.2171
random3sat_realistic_69.cnf,WalkSAT_Optimized,150,600,UNSAT,0.1705
random3sat_realistic_691.cnf,WalkSAT_Optimized,70,210,UNSAT,0.1078
random3sat_realistic_690.cnf,WalkSAT_Optimized,80,480,UNSAT,0.2777
random3sat_realistic_695.cnf,WalkSAT_Optimized,70,210,SAT,0.0429
random3sat_realistic_694.cnf,WalkSAT_Optimized,90,360,UNSAT,0.1972
random3sat_realistic_693.cnf,WalkSAT_Optimized,120,480,UNSAT,0.202
random3sat_realistic_692.cnf,WalkSAT_Optimized,120,720,UNSAT,0.3105
random3sat_realistic_696.cnf,WalkSAT_Optimized,90,270,SAT,0.0311
random3sat_realistic_698.cnf,WalkSAT_Optimized,60,240,UNSAT,0.1625
random3sat_realistic_697.cnf,WalkSAT_Optimized,80,320,UNSAT,0.1843
random3sat_realistic_7.cnf,WalkSAT_Optimized,150,750,UNSAT,0.2371
random3sat_realistic_70.cnf,WalkSAT_Optimized,100,300,UNSAT,0.1182
random3sat_realistic_702.cnf,WalkSAT_Optimized,50,200,SAT,0.0063
random3sat_realistic_699.cnf,WalkSAT_Optimized,150,900,UNSAT,0.2884
random3sat_realistic_700.cnf,WalkSAT_Optimized,60,180,UNSAT,0.1397
random3sat_realistic_704.cnf,WalkSAT_Optimized,90,270,UNSAT,0.1214
random3sat_realistic_701.cnf,WalkSAT_Optimized,60,300,UNSAT,0.2137
random3sat_realistic_703.cnf,WalkSAT_Optimized,90,450,UNSAT,0.2357
random3sat_realistic_705.cnf,WalkSAT_Optimized,100,500,UNSAT,0.2289
random3sat_realistic_706.cnf,WalkSAT_Optimized,80,320,UNSAT,0.1589
random3sat_realistic_707.cnf,WalkSAT_Optimized,60,240,UNSAT,0.1644
random3sat_realistic_71.cnf,WalkSAT_Optimized,90,270,SAT,0.0453
random3sat_realistic_710.cnf,WalkSAT_Optimized,90,270,UNSAT,0.1184
random3sat_realistic_709.cnf,WalkSAT_Optimized,90,450,UNSAT,0.212
random3sat_realistic_708.cnf,WalkSAT_Optimized,120,720,UNSAT,0.2831
random3sat_realistic_711.cnf,WalkSAT_Optimized,60,360,UNSAT,0.2852
random3sat_realistic_712.cnf,WalkSAT_Optimized,70,280,UNSAT,0.1652
random3sat_realistic_713.cnf,WalkSAT_Optimized,70,350,UNSAT,0.2116
random3sat_realistic_715.cnf,WalkSAT_Optimized,120,360,UNSAT,0.1253
random3sat_realistic_718.cnf,WalkSAT_Optimized,80,240,SAT,0.0019
random3sat_realistic_719.cnf,WalkSAT_Optimized,50,150,SAT,0.0056
random3sat_realistic_714.cnf,WalkSAT_Optimized,60,360,UNSAT,0.2622
random3sat_realistic_716.cnf,WalkSAT_Optimized,60,300,UNSAT,0.2148
random3sat_realistic_717.cnf,WalkSAT_Optimized,90,270,UNSAT,0.1404
random3sat_realistic_72.cnf,WalkSAT_Optimized,70,350,UNSAT,0.2374
random3sat_realistic_720.cnf,WalkSAT_Optimized,60,360,UNSAT,0.2763
random3sat_realistic_721.cnf,WalkSAT_Optimized,50,250,UNSAT,0.2304
random3sat_realistic_724.cnf,WalkSAT_Optimized,60,180,SAT,0.0081
random3sat_realistic_722.cnf,WalkSAT_Optimized,150,750,UNSAT,0.2362
random3sat_realistic_723.cnf,WalkSAT_Optimized,50,200,UNSAT,0.178
random3sat_realistic_726.cnf,WalkSAT_Optimized,70,280,UNSAT,0.1669
random3sat_realistic_725.cnf,WalkSAT_Optimized,50,250,UNSAT,0.2044
random3sat_realistic_727.cnf,WalkSAT_Optimized,60,240,UNSAT,0.1562
random3sat_realistic_73.cnf,WalkSAT_Optimized,100,300,UNSAT,0.1186
random3sat_realistic_728.cnf,WalkSAT_Optimized,90,540,UNSAT,0.2823
random3sat_realistic_729.cnf,WalkSAT_Optimized,120,720,UNSAT,0.3104
random3sat_realistic_730.cnf,WalkSAT_Optimized,50,300,UNSAT,0.2738
random3sat_realistic_731.cnf,WalkSAT_Optimized,70,280,UNSAT,0.1737
random3sat_realistic_735.cnf,WalkSAT_Optimized,80,240,SAT,0.0068
random3sat_realistic_732.cnf,WalkSAT_Optimized,60,360,UNSAT,0.2626
random3sat_realistic_734.cnf,WalkSAT_Optimized,50,250,UNSAT,0.2039
random3sat_realistic_733.cnf,WalkSAT_Optimized,90,450,UNSAT,0.2115
random3sat_realistic_736.cnf,WalkSAT_Optimized,50,250,UNSAT,0.2053
random3sat_realistic_738.cnf,WalkSAT_Optimized,150,450,UNSAT,0.1246
random3sat_realistic_739.cnf,WalkSAT_Optimized,80,320,UNSAT,0.1697
random3sat_realistic_74.cnf,WalkSAT_Optimized,120,360,UNSAT,0.1342
random3sat_realistic_737.cnf,WalkSAT_Optimized,50,250,UNSAT,0.2258
random3sat_realistic_740.cnf,WalkSAT_Optimized,50,200,UNSAT,0.1704
random3sat_realistic_741.cnf,WalkSAT_Optimized,120,360,UNSAT,0.1227
random3sat_realistic_742.cnf,WalkSAT_Optimized,90,540,UNSAT,0.291
random3sat_realistic_743.cnf,WalkSAT_Optimized,120,720,UNSAT,0.2965
random3sat_realistic_744.cnf,WalkSAT_Optimized,100,500,UNSAT,0.2398
random3sat_realistic_745.cnf,WalkSAT_Optimized,90,540,UNSAT,0.2826
random3sat_realistic_747.cnf,WalkSAT_Optimized,120,360,UNSAT,0.1361
random3sat_realistic_746.cnf,WalkSAT_Optimized,70,280,UNSAT,0.1705
random3sat_realistic_748.cnf,WalkSAT_Optimized,50,200,UNSAT,0.1908
random3sat_realistic_749.cnf,WalkSAT_Optimized,50,250,UNSAT,0.2066
random3sat_realistic_750.cnf,WalkSAT_Optimized,120,480,UNSAT,0.1827
random3sat_realistic_75.cnf,WalkSAT_Optimized,70,420,UNSAT,0.2677
random3sat_realistic_752.cnf,WalkSAT_Optimized,120,360,UNSAT,0.1352
random3sat_realistic_751.cnf,WalkSAT_Optimized,80,400,UNSAT,0.2101
random3sat_realistic_754.cnf,WalkSAT_Optimized,70,280,UNSAT,0.1704
random3sat_realistic_755.cnf,WalkSAT_Optimized,100,300,UNSAT,0.1383
random3sat_realistic_753.cnf,WalkSAT_Optimized,80,480,UNSAT,0.2717
random3sat_realistic_759.cnf,WalkSAT_Optimized,60,180,SAT,0.0028
random3sat_realistic_756.cnf,WalkSAT_Optimized,90,360,UNSAT,0.1822
random3sat_realistic_757.cnf,WalkSAT_Optimized,90,270,UNSAT,0.1262
random3sat_realistic_758.cnf,WalkSAT_Optimized,100,500,UNSAT,0.2345
random3sat_realistic_762.cnf,WalkSAT_Optimized,60,180,SAT,0.0026
random3sat_realistic_761.cnf,WalkSAT_Optimized,100,300,UNSAT,0.128
random3sat_realistic_760.cnf,WalkSAT_Optimized,80,480,UNSAT,0.2879
random3sat_realistic_76.cnf,WalkSAT_Optimized,150,900,UNSAT,0.2982
random3sat_realistic_763.cnf,WalkSAT_Optimized,50,150,UNSAT,0.1219
random3sat_realistic_764.cnf,WalkSAT_Optimized,60,240,UNSAT,0.181
random3sat_realistic_765.cnf,WalkSAT_Optimized,70,210,UNSAT,0.1103
random3sat_realistic_767.cnf,WalkSAT_Optimized,50,200,UNSAT,0.1955
random3sat_realistic_77.cnf,WalkSAT_Optimized,70,210,SAT,0.0026
random3sat_realistic_769.cnf,WalkSAT_Optimized,120,360,UNSAT,0.1143
random3sat_realistic_766.cnf,WalkSAT_Optimized,80,480,UNSAT,0.2718
random3sat_realistic_772.cnf,WalkSAT_Optimized,60,180,SAT,0.0152
random3sat_realistic_768.cnf,WalkSAT_Optimized,100,500,UNSAT,0.2305
random3sat_realistic_771.cnf,WalkSAT_Optimized,70,210,UNSAT,0.1435
random3sat_realistic_774.cnf,WalkSAT_Optimized,90,270,UNSAT,0.1267
random3sat_realistic_775.cnf,WalkSAT_Optimized,100,300,SAT,0.08
random3sat_realistic_770.cnf,WalkSAT_Optimized,80,480,UNSAT,0.2689
random3sat_realistic_773.cnf,WalkSAT_Optimized,120,600,UNSAT,0.2248
random3sat_realistic_776.cnf,WalkSAT_Optimized,70,280,UNSAT,0.1611
random3sat_realistic_777.cnf,WalkSAT_Optimized,70,420,UNSAT,0.2527
random3sat_realistic_779.cnf,WalkSAT_Optimized,90,360,UNSAT,0.1591
random3sat_realistic_78.cnf,WalkSAT_Optimized,90,270,UNSAT,0.1369
random3sat_realistic_778.cnf,WalkSAT_Optimized,100,600,UNSAT,0.2776
random3sat_realistic_782.cnf,WalkSAT_Optimized,80,240,SAT,0.1233
random3sat_realistic_780.cnf,WalkSAT_Optimized,150,600,UNSAT,0.1912
random3sat_realistic_783.cnf,WalkSAT_Optimized,60,240,UNSAT,0.1674
random3sat_realistic_781.cnf,WalkSAT_Optimized,100,500,UNSAT,0.2235
random3sat_realistic_784.cnf,WalkSAT_Optimized,150,750,UNSAT,0.23
random3sat_realistic_785.cnf,WalkSAT_Optimized,50,300,UNSAT,0.2462
random3sat_realistic_786.cnf,WalkSAT_Optimized,50,300,UNSAT,0.2517
random3sat_realistic_787.cnf,WalkSAT_Optimized,60,360,UNSAT,0.2575
random3sat_realistic_788.cnf,WalkSAT_Optimized,100,300,SAT,0.0769
random3sat_realistic_790.cnf,WalkSAT_Optimized,80,240,UNSAT,0.1313
random3sat_realistic_789.cnf,WalkSAT_Optimized,120,480,UNSAT,0.1944
random3sat_realistic_791.cnf,WalkSAT_Optimized,120,480,UNSAT,0.1673
random3sat_realistic_79.cnf,WalkSAT_Optimized,90,540,UNSAT,0.2617
random3sat_realistic_792.cnf,WalkSAT_Optimized,50,200,UNSAT,0.1937
random3sat_realistic_794.cnf,WalkSAT_Optimized,120,360,UNSAT,0.1316
random3sat_realistic_793.cnf,WalkSAT_Optimized,60,300,UNSAT,0.2281
random3sat_realistic_798.cnf,WalkSAT_Optimized,60,180,UNSAT,0.1394
random3sat_realistic_796.cnf,WalkSAT_Optimized,100,400,UNSAT,0.1654
random3sat_realistic_795.cnf,WalkSAT_Optimized,150,900,UNSAT,0.2844
random3sat_realistic_797.cnf,WalkSAT_Optimized,100,600,UNSAT,0.2683
random3sat_realistic_799.cnf,WalkSAT_Optimized,120,600,UNSAT,0.2297
random3sat_realistic_8.cnf,WalkSAT_Optimized,150,750,UNSAT,0.2328
random3sat_realistic_800.cnf,WalkSAT_Optimized,120,480,UNSAT,0.1819
random3sat_realistic_80.cnf,WalkSAT_Optimized,80,480,UNSAT,0.2792
random3sat_realistic_802.cnf,WalkSAT_Optimized,60,240,UNSAT,0.1649
random3sat_realistic_801.cnf,WalkSAT_Optimized,50,250,UNSAT,0.2154
random3sat_realistic_803.cnf,WalkSAT_Optimized,100,500,UNSAT,0.2061
random3sat_realistic_807.cnf,WalkSAT_Optimized,60,180,SAT,0.0032
random3sat_realistic_804.cnf,WalkSAT_Optimized,100,600,UNSAT,0.2863
random3sat_realistic_805.cnf,WalkSAT_Optimized,150,600,UNSAT,0.197
random3sat_realistic_808.cnf,WalkSAT_Optimized,120,360,UNSAT,0.155
random3sat_realistic_806.cnf,WalkSAT_Optimized,100,600,UNSAT,0.2857
random3sat_realistic_810.cnf,WalkSAT_Optimized,120,360,UNSAT,0.1356
random3sat_realistic_809.cnf,WalkSAT_Optimized,150,750,UNSAT,0.2431
random3sat_realistic_81.cnf,WalkSAT_Optimized,150,900,UNSAT,0.3018
random3sat_realistic_811.cnf,WalkSAT_Optimized,120,600,UNSAT,0.223
random3sat_realistic_812.cnf,WalkSAT_Optimized,150,750,UNSAT,0.2362
random3sat_realistic_814.cnf,WalkSAT_Optimized,80,240,UNSAT,0.1092
random3sat_realistic_813.cnf,WalkSAT_Optimized,80,320,UNSAT,0.2079
random3sat_realistic_815.cnf,WalkSAT_Optimized,90,270,UNSAT,0.1199
random3sat_realistic_818.cnf,WalkSAT_Optimized,70,280,UNSAT,0.1803
random3sat_realistic_819.cnf,WalkSAT_Optimized,90,360,UNSAT,0.1857
random3sat_realistic_817.cnf,WalkSAT_Optimized,150,750,UNSAT,0.263
random3sat_realistic_816.cnf,WalkSAT_Optimized,60,360,UNSAT,0.2931
random3sat_realistic_820.cnf,WalkSAT_Optimized,80,320,UNSAT,0.2117
random3sat_realistic_82.cnf,WalkSAT_Optimized,80,400,UNSAT,0.2474
random3sat_realistic_821.cnf,WalkSAT_Optimized,80,320,UNSAT,0.1935
random3sat_realistic_824.cnf,WalkSAT_Optimized,70,280,SAT,0.0228
random3sat_realistic_825.cnf,WalkSAT_Optimized,90,270,SAT,0.0034
random3sat_realistic_822.cnf,WalkSAT_Optimized,150,750,UNSAT,0.2993
random3sat_realistic_823.cnf,WalkSAT_Optimized,70,280,UNSAT,0.1974
random3sat_realistic_829.cnf,WalkSAT_Optimized,100,300,SAT,0.0022
random3sat_realistic_826.cnf,WalkSAT_Optimized,80,480,UNSAT,0.3054
random3sat_realistic_827.cnf,WalkSAT_Optimized,90,450,UNSAT,0.249
random3sat_realistic_828.cnf,WalkSAT_Optimized,120,600,UNSAT,0.2415
random3sat_realistic_831.cnf,WalkSAT_Optimized,120,360,UNSAT,0.141
random3sat_realistic_83.cnf,WalkSAT_Optimized,100,600,UNSAT,0.2796
random3sat_realistic_830.cnf,WalkSAT_Optimized,80,400,UNSAT,0.2097
random3sat_realistic_835.cnf,WalkSAT_Optimized,60,180,UNSAT,0.1467
random3sat_realistic_836.cnf,WalkSAT_Optimized,60,240,UNSAT,0.1669
random3sat_realistic_834.cnf,WalkSAT_Optimized,50,300,UNSAT,0.2526
random3sat_realistic_833.cnf,WalkSAT_Optimized,70,420,UNSAT,0.2799
random3sat_realistic_837.cnf,WalkSAT_Optimized,50,200,UNSAT,0.1867
random3sat_realistic_838.cnf,WalkSAT_Optimized,90,450,UNSAT,0.2393
random3sat_realistic_840.cnf,WalkSAT_Optimized,90,270,UNSAT,0.1295
random3sat_realistic_839.cnf,WalkSAT_Optimized,90,450,UNSAT,0.253
random3sat_realistic_84.cnf,WalkSAT_Optimized,100,600,UNSAT,0.2995
random3sat_realistic_842.cnf,WalkSAT_Optimized,60,180,UNSAT,0.1318
random3sat_realistic_841.cnf,WalkSAT_Optimized,80,320,UNSAT,0.1735
random3sat_realistic_843.cnf,WalkSAT_Optimized,50,200,UNSAT,0.1592
random3sat_realistic_847.cnf,WalkSAT_Optimized,100,300,SAT,0.0352
random3sat_realistic_844.cnf,WalkSAT_Optimized,150,600,UNSAT,0.1876
random3sat_realistic_845.cnf,WalkSAT_Optimized,100,500,UNSAT,0.2265
random3sat_realistic_848.cnf,WalkSAT_Optimized,60,300,UNSAT,0.1987
random3sat_realistic_849.cnf,WalkSAT_Optimized,120,480,UNSAT,0.1747
random3sat_realistic_846.cnf,WalkSAT_Optimized,150,900,UNSAT,0.2996
random3sat_realistic_85.cnf,WalkSAT_Optimized,90,360,UNSAT,0.1735
random3sat_realistic_851.cnf,WalkSAT_Optimized,120,480,UNSAT,0.1811
random3sat_realistic_850.cnf,WalkSAT_Optimized,90,450,UNSAT,0.2075
random3sat_realistic_852.cnf,WalkSAT_Optimized,120,720,UNSAT,0.2914
random3sat_realistic_853.cnf,WalkSAT_Optimized,100,500,UNSAT,0.2488
random3sat_realistic_855.cnf,WalkSAT_Optimized,150,600,UNSAT,0.178
random3sat_realistic_854.cnf,WalkSAT_Optimized,50,250,UNSAT,0.2075
random3sat_realistic_859.cnf,WalkSAT_Optimized,70,210,SAT,0.0489
random3sat_realistic_857.cnf,WalkSAT_Optimized,80,400,UNSAT,0.2162
random3sat_realistic_856.cnf,WalkSAT_Optimized,120,720,UNSAT,0.2766
random3sat_realistic_858.cnf,WalkSAT_Optimized,80,400,UNSAT,0.218
random3sat_realistic_86.cnf,WalkSAT_Optimized,100,400,UNSAT,0.1576
random3sat_realistic_862.cnf,WalkSAT_Optimized,70,280,UNSAT,0.1812
random3sat_realistic_863.cnf,WalkSAT_Optimized,70,280,UNSAT,0.1987
random3sat_realistic_860.cnf,WalkSAT_Optimized,100,600,UNSAT,0.3375
random3sat_realistic_861.cnf,WalkSAT_Optimized,150,900,UNSAT,0.3342
random3sat_realistic_864.cnf,WalkSAT_Optimized,70,420,UNSAT,0.2847
random3sat_realistic_865.cnf,WalkSAT_Optimized,80,480,UNSAT,0.3098
random3sat_realistic_869.cnf,WalkSAT_Optimized,60,180,SAT,0.0111
random3sat_realistic_866.cnf,WalkSAT_Optimized,60,360,UNSAT,0.3018
random3sat_realistic_867.cnf,WalkSAT_Optimized,90,540,UNSAT,0.345
random3sat_realistic_87.cnf,WalkSAT_Optimized,100,300,UNSAT,0.1557
random3sat_realistic_868.cnf,WalkSAT_Optimized,80,480,UNSAT,0.3364
random3sat_realistic_870.cnf,WalkSAT_Optimized,150,750,UNSAT,0.2853
random3sat_realistic_871.cnf,WalkSAT_Optimized,80,400,UNSAT,0.2486
random3sat_realistic_872.cnf,WalkSAT_Optimized,60,300,UNSAT,0.2696
random3sat_realistic_873.cnf,WalkSAT_Optimized,80,400,UNSAT,0.2302
random3sat_realistic_875.cnf,WalkSAT_Optimized,90,360,UNSAT,0.1866
random3sat_realistic_874.cnf,WalkSAT_Optimized,80,400,UNSAT,0.2386
random3sat_realistic_876.cnf,WalkSAT_Optimized,150,750,UNSAT,0.2261
random3sat_realistic_878.cnf,WalkSAT_Optimized,80,320,UNSAT,0.1643
random3sat_realistic_877.cnf,WalkSAT_Optimized,90,540,UNSAT,0.2638
random3sat_realistic_879.cnf,WalkSAT_Optimized,90,540,UNSAT,0.2497
random3sat_realistic_881.cnf,WalkSAT_Optimized,100,300,UNSAT,0.1298
random3sat_realistic_880.cnf,WalkSAT_Optimized,90,450,UNSAT,0.2168
random3sat_realistic_88.cnf,WalkSAT_Optimized,150,900,UNSAT,0.2915
random3sat_realistic_882.cnf,WalkSAT_Optimized,150,600,UNSAT,0.1799
random3sat_realistic_883.cnf,WalkSAT_Optimized,100,300,UNSAT,0.1249
random3sat_realistic_887.cnf,WalkSAT_Optimized,60,180,SAT,0.0015
random3sat_realistic_884.cnf,WalkSAT_Optimized,70,420,UNSAT,0.243
random3sat_realistic_885.cnf,WalkSAT_Optimized,100,500,UNSAT,0.2226
random3sat_realistic_886.cnf,WalkSAT_Optimized,120,480,UNSAT,0.1808
random3sat_realistic_888.cnf,WalkSAT_Optimized,120,480,UNSAT,0.1729
random3sat_realistic_89.cnf,WalkSAT_Optimized,90,270,SAT,0.0325
random3sat_realistic_889.cnf,WalkSAT_Optimized,70,280,UNSAT,0.1689
random3sat_realistic_890.cnf,WalkSAT_Optimized,50,300,UNSAT,0.26
random3sat_realistic_891.cnf,WalkSAT_Optimized,120,720,UNSAT,0.2962
random3sat_realistic_892.cnf,WalkSAT_Optimized,50,300,UNSAT,0.2823
random3sat_realistic_893.cnf,WalkSAT_Optimized,70,420,UNSAT,0.2612
random3sat_realistic_894.cnf,WalkSAT_Optimized,60,240,UNSAT,0.1686
random3sat_realistic_896.cnf,WalkSAT_Optimized,90,270,UNSAT,0.1355
random3sat_realistic_895.cnf,WalkSAT_Optimized,90,360,UNSAT,0.2026
random3sat_realistic_897.cnf,WalkSAT_Optimized,70,280,UNSAT,0.1679
random3sat_realistic_899.cnf,WalkSAT_Optimized,80,240,UNSAT,0.1276
random3sat_realistic_898.cnf,WalkSAT_Optimized,70,350,UNSAT,0.226
random3sat_realistic_90.cnf,WalkSAT_Optimized,150,450,UNSAT,0.1556
random3sat_realistic_900.cnf,WalkSAT_Optimized,90,450,UNSAT,0.2358
random3sat_realistic_9.cnf,WalkSAT_Optimized,80,480,UNSAT,0.3123
random3sat_realistic_901.cnf,WalkSAT_Optimized,90,450,UNSAT,0.2246
random3sat_realistic_902.cnf,WalkSAT_Optimized,100,600,UNSAT,0.3345
random3sat_realistic_904.cnf,WalkSAT_Optimized,90,450,UNSAT,0.2372
random3sat_realistic_903.cnf,WalkSAT_Optimized,60,360,UNSAT,0.2795
random3sat_realistic_905.cnf,WalkSAT_Optimized,60,360,UNSAT,0.2903
random3sat_realistic_907.cnf,WalkSAT_Optimized,90,360,UNSAT,0.1706
random3sat_realistic_906.cnf,WalkSAT_Optimized,50,250,UNSAT,0.2001
random3sat_realistic_908.cnf,WalkSAT_Optimized,50,300,UNSAT,0.2448
random3sat_realistic_91.cnf,WalkSAT_Optimized,100,400,UNSAT,0.1831
random3sat_realistic_909.cnf,WalkSAT_Optimized,50,300,UNSAT,0.2581
random3sat_realistic_910.cnf,WalkSAT_Optimized,120,600,UNSAT,0.2277
random3sat_realistic_912.cnf,WalkSAT_Optimized,150,600,UNSAT,0.1959
random3sat_realistic_911.cnf,WalkSAT_Optimized,100,600,UNSAT,0.2812
random3sat_realistic_913.cnf,WalkSAT_Optimized,60,300,UNSAT,0.2184
random3sat_realistic_914.cnf,WalkSAT_Optimized,60,240,UNSAT,0.1908
random3sat_realistic_918.cnf,WalkSAT_Optimized,100,400,UNSAT,0.1581
random3sat_realistic_915.cnf,WalkSAT_Optimized,70,350,UNSAT,0.2266
random3sat_realistic_916.cnf,WalkSAT_Optimized,60,360,UNSAT,0.2553
random3sat_realistic_917.cnf,WalkSAT_Optimized,100,500,UNSAT,0.2306
random3sat_realistic_920.cnf,WalkSAT_Optimized,50,150,UNSAT,0.145
random3sat_realistic_919.cnf,WalkSAT_Optimized,120,600,UNSAT,0.2418
random3sat_realistic_92.cnf,WalkSAT_Optimized,100,600,UNSAT,0.2996
random3sat_realistic_921.cnf,WalkSAT_Optimized,60,360,UNSAT,0.271
random3sat_realistic_922.cnf,WalkSAT_Optimized,100,400,UNSAT,0.1729
random3sat_realistic_923.cnf,WalkSAT_Optimized,150,600,UNSAT,0.1747
random3sat_realistic_924.cnf,WalkSAT_Optimized,100,500,UNSAT,0.2162
random3sat_realistic_926.cnf,WalkSAT_Optimized,90,360,UNSAT,0.1731
random3sat_realistic_925.cnf,WalkSAT_Optimized,60,300,UNSAT,0.2297
random3sat_realistic_928.cnf,WalkSAT_Optimized,80,320,UNSAT,0.1695
random3sat_realistic_927.cnf,WalkSAT_Optimized,70,420,UNSAT,0.2698
random3sat_realistic_93.cnf,WalkSAT_Optimized,60,240,UNSAT,0.1764
random3sat_realistic_929.cnf,WalkSAT_Optimized,100,600,UNSAT,0.257
random3sat_realistic_932.cnf,WalkSAT_Optimized,90,270,UNSAT,0.1248
random3sat_realistic_931.cnf,WalkSAT_Optimized,100,500,UNSAT,0.2232
random3sat_realistic_933.cnf,WalkSAT_Optimized,150,600,UNSAT,0.1693
random3sat_realistic_930.cnf,WalkSAT_Optimized,120,720,UNSAT,0.2979
random3sat_realistic_934.cnf,WalkSAT_Optimized,120,600,UNSAT,0.2305
random3sat_realistic_936.cnf,WalkSAT_Optimized,100,300,UNSAT,0.1545
random3sat_realistic_935.cnf,WalkSAT_Optimized,120,600,UNSAT,0.2404
random3sat_realistic_939.cnf,WalkSAT_Optimized,100,300,SAT,0.069
random3sat_realistic_938.cnf,WalkSAT_Optimized,100,300,SAT,0.0775
random3sat_realistic_937.cnf,WalkSAT_Optimized,100,600,UNSAT,0.2761
random3sat_realistic_940.cnf,WalkSAT_Optimized,70,280,UNSAT,0.1691
random3sat_realistic_941.cnf,WalkSAT_Optimized,80,320,UNSAT,0.1664
random3sat_realistic_94.cnf,WalkSAT_Optimized,70,350,UNSAT,0.2186
random3sat_realistic_942.cnf,WalkSAT_Optimized,80,320,UNSAT,0.1917
random3sat_realistic_943.cnf,WalkSAT_Optimized,120,480,UNSAT,0.1964
random3sat_realistic_944.cnf,WalkSAT_Optimized,60,300,UNSAT,0.2071
random3sat_realistic_945.cnf,WalkSAT_Optimized,70,350,UNSAT,0.213
random3sat_realistic_946.cnf,WalkSAT_Optimized,120,600,UNSAT,0.2222
random3sat_realistic_949.cnf,WalkSAT_Optimized,150,450,UNSAT,0.1354
random3sat_realistic_947.cnf,WalkSAT_Optimized,60,360,UNSAT,0.2612
random3sat_realistic_948.cnf,WalkSAT_Optimized,120,720,UNSAT,0.2686
random3sat_realistic_95.cnf,WalkSAT_Optimized,100,600,UNSAT,0.2731
random3sat_realistic_951.cnf,WalkSAT_Optimized,50,150,UNSAT,0.1325
random3sat_realistic_950.cnf,WalkSAT_Optimized,100,600,UNSAT,0.2717
random3sat_realistic_952.cnf,WalkSAT_Optimized,80,320,UNSAT,0.1702
random3sat_realistic_953.cnf,WalkSAT_Optimized,80,400,UNSAT,0.2272
random3sat_realistic_954.cnf,WalkSAT_Optimized,60,360,UNSAT,0.2491
random3sat_realistic_956.cnf,WalkSAT_Optimized,150,750,UNSAT,0.2349
random3sat_realistic_955.cnf,WalkSAT_Optimized,90,450,UNSAT,0.2423
random3sat_realistic_957.cnf,WalkSAT_Optimized,120,600,UNSAT,0.2305
random3sat_realistic_96.cnf,WalkSAT_Optimized,80,320,UNSAT,0.1613
random3sat_realistic_958.cnf,WalkSAT_Optimized,90,540,UNSAT,0.2661
random3sat_realistic_959.cnf,WalkSAT_Optimized,120,600,UNSAT,0.2403
random3sat_realistic_961.cnf,WalkSAT_Optimized,120,360,UNSAT,0.1389
random3sat_realistic_960.cnf,WalkSAT_Optimized,120,480,UNSAT,0.2015
random3sat_realistic_962.cnf,WalkSAT_Optimized,50,200,UNSAT,0.1715
random3sat_realistic_963.cnf,WalkSAT_Optimized,50,250,UNSAT,0.2161
random3sat_realistic_964.cnf,WalkSAT_Optimized,100,400,UNSAT,0.1724
random3sat_realistic_965.cnf,WalkSAT_Optimized,70,420,UNSAT,0.2633
random3sat_realistic_966.cnf,WalkSAT_Optimized,90,540,UNSAT,0.292
random3sat_realistic_968.cnf,WalkSAT_Optimized,150,750,UNSAT,0.2478
random3sat_realistic_967.cnf,WalkSAT_Optimized,120,720,UNSAT,0.3242
random3sat_realistic_970.cnf,WalkSAT_Optimized,80,320,UNSAT,0.1906
random3sat_realistic_969.cnf,WalkSAT_Optimized,150,900,UNSAT,0.3474
random3sat_realistic_97.cnf,WalkSAT_Optimized,50,300,UNSAT,0.3053
random3sat_realistic_971.cnf,WalkSAT_Optimized,70,420,UNSAT,0.2699
random3sat_realistic_975.cnf,WalkSAT_Optimized,50,150,SAT,0.0024
random3sat_realistic_972.cnf,WalkSAT_Optimized,70,350,UNSAT,0.2411
random3sat_realistic_974.cnf,WalkSAT_Optimized,50,250,UNSAT,0.237
random3sat_realistic_973.cnf,WalkSAT_Optimized,70,420,UNSAT,0.3251
random3sat_realistic_976.cnf,WalkSAT_Optimized,60,360,UNSAT,0.3069
random3sat_realistic_977.cnf,WalkSAT_Optimized,120,480,UNSAT,0.1852
random3sat_realistic_978.cnf,WalkSAT_Optimized,100,400,UNSAT,0.2016
random3sat_realistic_98.cnf,WalkSAT_Optimized,90,270,SAT,0.0542
random3sat_realistic_982.cnf,WalkSAT_Optimized,80,240,SAT,0.0063
random3sat_realistic_983.cnf,WalkSAT_Optimized,80,240,SAT,0.0884
random3sat_realistic_981.cnf,WalkSAT_Optimized,90,270,UNSAT,0.1203
random3sat_realistic_985.cnf,WalkSAT_Optimized,60,180,SAT,0.0037
random3sat_realistic_979.cnf,WalkSAT_Optimized,150,900,UNSAT,0.3215
random3sat_realistic_980.cnf,WalkSAT_Optimized,120,600,UNSAT,0.2421
random3sat_realistic_984.cnf,WalkSAT_Optimized,90,360,UNSAT,0.1645
random3sat_realistic_986.cnf,WalkSAT_Optimized,50,300,UNSAT,0.2355
random3sat_realistic_99.cnf,WalkSAT_Optimized,70,210,SAT,0.0108
random3sat_realistic_987.cnf,WalkSAT_Optimized,70,420,UNSAT,0.2742
random3sat_realistic_988.cnf,WalkSAT_Optimized,50,250,UNSAT,0.2186
random3sat_realistic_989.cnf,WalkSAT_Optimized,120,480,UNSAT,0.1734
random3sat_realistic_991.cnf,WalkSAT_Optimized,70,420,UNSAT,0.2696
random3sat_realistic_990.cnf,WalkSAT_Optimized,100,600,UNSAT,0.3085
random3sat_realistic_993.cnf,WalkSAT_Optimized,90,540,UNSAT,0.297
random3sat_realistic_992.cnf,WalkSAT_Optimized,150,900,UNSAT,0.3265
random3sat_realistic_998.cnf,WalkSAT_Optimized,80,240,SAT,0.0075
random3sat_realistic_994.cnf,WalkSAT_Optimized,100,400,UNSAT,0.1686
random3sat_realistic_995.cnf,WalkSAT_Optimized,90,360,UNSAT,0.1843
sudoku_1.cnf,WalkSAT_Optimized,81,200,SAT,0.0016
sudoku_10.cnf,WalkSAT_Optimized,81,259,SAT,0.0237
random3sat_realistic_999.cnf,WalkSAT_Optimized,60,240,UNSAT,0.1871
sudoku_4.cnf,WalkSAT_Optimized,81,300,SAT,0.0102
sudoku_2.cnf,WalkSAT_Optimized,81,334,SAT,0.1164
sudoku_6.cnf,WalkSAT_Optimized,81,225,SAT,0.0027
random3sat_realistic_997.cnf,WalkSAT_Optimized,150,750,UNSAT,0.2528
sudoku_7.cnf,WalkSAT_Optimized,81,231,SAT,0.0277
sudoku_8.cnf,WalkSAT_Optimized,81,296,SAT,0.0196
sudoku_3.cnf,WalkSAT_Optimized,81,392,UNSAT,0.2292
sudoku_5.cnf,WalkSAT_Optimized,81,359,UNSAT,0.229
sudoku_9.cnf,WalkSAT_Optimized,81,394,UNSAT,0.2339
sudoku_realistic_1.cnf,WalkSAT_Optimized,819,8829,UNSAT,1.5431
sudoku_realistic_10.cnf,WalkSAT_Optimized,819,8829,UNSAT,1.5559
sudoku_realistic_101.cnf,WalkSAT_Optimized,819,8829,UNSAT,1.5063
sudoku_realistic_100.cnf,WalkSAT_Optimized,819,8829,UNSAT,1.6504
sudoku_realistic_102.cnf,WalkSAT_Optimized,819,8829,UNSAT,1.4371
sudoku_realistic_103.cnf,WalkSAT_Optimized,819,8829,UNSAT,1.3982
sudoku_realistic_104.cnf,WalkSAT_Optimized,819,8829,UNSAT,1.4594
sudoku_realistic_105.cnf,WalkSAT_Optimized,819,8829,UNSAT,1.5053
sudoku_realistic_106.cnf,WalkSAT_Optimized,819,8829,UNSAT,1.5185
sudoku_realistic_107.cnf,WalkSAT_Optimized,819,8829,UNSAT,1.543
sudoku_realistic_108.cnf,WalkSAT_Optimized,819,8829,UNSAT,1.4993
sudoku_realistic_109.cnf,WalkSAT_Optimized,819,8829,UNSAT,1.4379
sudoku_realistic_110.cnf,WalkSAT_Optimized,819,8829,UNSAT,1.3858
sudoku_realistic_11.cnf,WalkSAT_Optimized,819,8829,UNSAT,1.4721
sudoku_realistic_111.cnf,WalkSAT_Optimized,819,8829,UNSAT,1.4328
sudoku_realistic_112.cnf,WalkSAT_Optimized,819,8829,UNSAT,1.5221
sudoku_realistic_113.cnf,WalkSAT_Optimized,819,8829,UNSAT,1.6092
sudoku_realistic_114.cnf,WalkSAT_Optimized,819,8829,UNSAT,1.6423
sudoku_realistic_115.cnf,WalkSAT_Optimized,819,8829,UNSAT,1.5659
sudoku_realistic_116.cnf,WalkSAT_Optimized,819,8829,UNSAT,1.735
sudoku_realistic_117.cnf,WalkSAT_Optimized,819,8829,UNSAT,1.5079
sudoku_realistic_118.cnf,WalkSAT_Optimized,819,8829,UNSAT,1.5897
sudoku_realistic_119.cnf,WalkSAT_Optimized,819,8829,UNSAT,1.5129
sudoku_realistic_12.cnf,WalkSAT_Optimized,819,8829,UNSAT,1.5045
sudoku_realistic_120.cnf,WalkSAT_Optimized,819,8829,UNSAT,1.3768
sudoku_realistic_122.cnf,WalkSAT_Optimized,819,8829,UNSAT,1.4037
sudoku_realistic_121.cnf,WalkSAT_Optimized,819,8829,UNSAT,1.4803
sudoku_realistic_123.cnf,WalkSAT_Optimized,819,8829,UNSAT,1.3752
sudoku_realistic_124.cnf,WalkSAT_Optimized,819,8829,UNSAT,1.4955
sudoku_realistic_126.cnf,WalkSAT_Optimized,819,8829,UNSAT,1.3613
sudoku_realistic_125.cnf,WalkSAT_Optimized,819,8829,UNSAT,1.4127
sudoku_realistic_127.cnf,WalkSAT_Optimized,819,8829,UNSAT,1.3504
sudoku_realistic_128.cnf,WalkSAT_Optimized,819,8829,UNSAT,1.5344
sudoku_realistic_13.cnf,WalkSAT_Optimized,819,8829,UNSAT,1.4651
sudoku_realistic_129.cnf,WalkSAT_Optimized,819,8829,UNSAT,1.5272
sudoku_realistic_130.cnf,WalkSAT_Optimized,819,8829,UNSAT,1.4018
sudoku_realistic_132.cnf,WalkSAT_Optimized,819,8829,UNSAT,1.94
sudoku_realistic_131.cnf,WalkSAT_Optimized,819,8829,UNSAT,2.1048
sudoku_realistic_134.cnf,WalkSAT_Optimized,819,8829,UNSAT,1.884
sudoku_realistic_133.cnf,WalkSAT_Optimized,819,8829,UNSAT,2.1006
sudoku_realistic_135.cnf,WalkSAT_Optimized,819,8829,UNSAT,1.7062
sudoku_realistic_138.cnf,WalkSAT_Optimized,819,8829,UNSAT,1.7867
sudoku_realistic_136.cnf,WalkSAT_Optimized,819,8829,UNSAT,1.9182
sudoku_realistic_137.cnf,WalkSAT_Optimized,819,8829,UNSAT,1.9136
sudoku_realistic_139.cnf,WalkSAT_Optimized,819,8829,UNSAT,1.5087
sudoku_realistic_140.cnf,WalkSAT_Optimized,819,8829,UNSAT,1.4071
sudoku_realistic_141.cnf,WalkSAT_Optimized,819,8829,UNSAT,1.4783
sudoku_realistic_14.cnf,WalkSAT_Optimized,819,8829,UNSAT,1.5723
sudoku_realistic_142.cnf,WalkSAT_Optimized,819,8829,UNSAT,1.373
sudoku_realistic_143.cnf,WalkSAT_Optimized,819,8829,UNSAT,1.4576
sudoku_realistic_144.cnf,WalkSAT_Optimized,819,8829,UNSAT,1.3609
sudoku_realistic_145.cnf,WalkSAT_Optimized,819,8829,UNSAT,1.4189
sudoku_realistic_146.cnf,WalkSAT_Optimized,819,8829,UNSAT,1.3727
sudoku_realistic_149.cnf,WalkSAT_Optimized,819,8829,UNSAT,1.386
sudoku_realistic_147.cnf,WalkSAT_Optimized,819,8829,UNSAT,1.4872
sudoku_realistic_148.cnf,WalkSAT_Optimized,819,8829,UNSAT,1.5042
sudoku_realistic_15.cnf,WalkSAT_Optimized,819,8829,UNSAT,1.7748
sudoku_realistic_151.cnf,WalkSAT_Optimized,819,8829,UNSAT,1.7341
sudoku_realistic_150.cnf,WalkSAT_Optimized,819,8829,UNSAT,1.8241
sudoku_realistic_152.cnf,WalkSAT_Optimized,819,8829,UNSAT,1.8279
sudoku_realistic_153.cnf,WalkSAT_Optimized,819,8829,UNSAT,1.7463
sudoku_realistic_154.cnf,WalkSAT_Optimized,819,8829,UNSAT,1.6966
sudoku_realistic_155.cnf,WalkSAT_Optimized,819,8829,UNSAT,1.6635
sudoku_realistic_156.cnf,WalkSAT_Optimized,819,8829,UNSAT,1.6767
sudoku_realistic_157.cnf,WalkSAT_Optimized,819,8829,UNSAT,1.9053
sudoku_realistic_158.cnf,WalkSAT_Optimized,819,8829,UNSAT,1.9474
sudoku_realistic_159.cnf,WalkSAT_Optimized,819,8829,UNSAT,1.9554
sudoku_realistic_16.cnf,WalkSAT_Optimized,819,8829,UNSAT,1.92
sudoku_realistic_160.cnf,WalkSAT_Optimized,819,8829,UNSAT,2.0281
sudoku_realistic_161.cnf,WalkSAT_Optimized,819,8829,UNSAT,1.961
sudoku_realistic_162.cnf,WalkSAT_Optimized,819,8829,UNSAT,1.9329
sudoku_realistic_163.cnf,WalkSAT_Optimized,819,8829,UNSAT,1.9395
sudoku_realistic_164.cnf,WalkSAT_Optimized,819,8829,UNSAT,1.6518
sudoku_realistic_167.cnf,WalkSAT_Optimized,819,8829,UNSAT,1.6117
sudoku_realistic_165.cnf,WalkSAT_Optimized,819,8829,UNSAT,1.7
sudoku_realistic_166.cnf,WalkSAT_Optimized,819,8829,UNSAT,1.6986
sudoku_realistic_168.cnf,WalkSAT_Optimized,819,8829,UNSAT,1.7102
sudoku_realistic_169.cnf,WalkSAT_Optimized,819,8829,UNSAT,1.7913
sudoku_realistic_17.cnf,WalkSAT_Optimized,819,8829,UNSAT,1.804
sudoku_realistic_170.cnf,WalkSAT_Optimized,819,8829,UNSAT,1.8298
sudoku_realistic_171.cnf,WalkSAT_Optimized,819,8829,UNSAT,1.6403
sudoku_realistic_173.cnf,WalkSAT_Optimized,819,8829,UNSAT,1.4892
sudoku_realistic_172.cnf,WalkSAT_Optimized,819,8829,UNSAT,1.5948
sudoku_realistic_174.cnf,WalkSAT_Optimized,819,8829,UNSAT,1.5797
sudoku_realistic_175.cnf,WalkSAT_Optimized,819,8829,SAT,1.0787
sudoku_realistic_176.cnf,WalkSAT_Optimized,819,8829,UNSAT,1.4622
sudoku_realistic_177.cnf,WalkSAT_Optimized,819,8829,UNSAT,1.4404
sudoku_realistic_178.cnf,WalkSAT_Optimized,819,8829,UNSAT,1.4673
sudoku_realistic_179.cnf,WalkSAT_Optimized,819,8829,UNSAT,1.4007
sudoku_realistic_180.cnf,WalkSAT_Optimized,819,8829,UNSAT,1.4201
sudoku_realistic_18.cnf,WalkSAT_Optimized,819,8829,UNSAT,1.4896
sudoku_realistic_181.cnf,WalkSAT_Optimized,819,8829,UNSAT,1.4178
sudoku_realistic_182.cnf,WalkSAT_Optimized,819,8829,UNSAT,1.4467
sudoku_realistic_183.cnf,WalkSAT_Optimized,819,8829,UNSAT,1.3986
sudoku_realistic_184.cnf,WalkSAT_Optimized,819,8829,UNSAT,1.4719
sudoku_realistic_185.cnf,WalkSAT_Optimized,819,8829,UNSAT,1.5325
sudoku_realistic_186.cnf,WalkSAT_Optimized,819,8829,UNSAT,1.4701
sudoku_realistic_187.cnf,WalkSAT_Optimized,819,8829,UNSAT,1.6086
sudoku_realistic_188.cnf,WalkSAT_Optimized,819,8829,UNSAT,1.5277
sudoku_realistic_189.cnf,WalkSAT_Optimized,819,8829,UNSAT,1.4347
sudoku_realistic_19.cnf,WalkSAT_Optimized,819,8829,UNSAT,1.6182
sudoku_realistic_190.cnf,WalkSAT_Optimized,819,8829,UNSAT,1.5728
sudoku_realistic_191.cnf,WalkSAT_Optimized,819,8829,UNSAT,1.5871
sudoku_realistic_192.cnf,WalkSAT_Optimized,819,8829,UNSAT,1.5839
sudoku_realistic_193.cnf,WalkSAT_Optimized,819,8829,UNSAT,1.5041
sudoku_realistic_194.cnf,WalkSAT_Optimized,819,8829,UNSAT,1.3922
sudoku_realistic_195.cnf,WalkSAT_Optimized,819,8829,UNSAT,1.4867
sudoku_realistic_196.cnf,WalkSAT_Optimized,819,8829,UNSAT,1.4871
sudoku_realistic_197.cnf,WalkSAT_Optimized,819,8829,UNSAT,1.4222
sudoku_realistic_198.cnf,WalkSAT_Optimized,819,8829,UNSAT,1.4416
sudoku_realistic_199.cnf,WalkSAT_Optimized,819,8829,UNSAT,1.3618
sudoku_realistic_2.cnf,WalkSAT_Optimized,819,8829,UNSAT,1.3568
sudoku_realistic_20.cnf,WalkSAT_Optimized,819,8829,UNSAT,1.4811
sudoku_realistic_200.cnf,WalkSAT_Optimized,819,8829,UNSAT,1.4233
sudoku_realistic_21.cnf,WalkSAT_Optimized,819,8829,UNSAT,1.4062
sudoku_realistic_22.cnf,WalkSAT_Optimized,819,8829,UNSAT,1.4708
sudoku_realistic_23.cnf,WalkSAT_Optimized,819,8829,UNSAT,1.3883
sudoku_realistic_24.cnf,WalkSAT_Optimized,819,8829,UNSAT,1.3942
sudoku_realistic_25.cnf,WalkSAT_Optimized,819,8829,UNSAT,1.3847
sudoku_realistic_26.cnf,WalkSAT_Optimized,819,8829,UNSAT,1.395
sudoku_realistic_27.cnf,WalkSAT_Optimized,819,8829,UNSAT,1.4169
sudoku_realistic_28.cnf,WalkSAT_Optimized,819,8829,UNSAT,1.3719
sudoku_realistic_29.cnf,WalkSAT_Optimized,819,8829,UNSAT,1.4383
sudoku_realistic_3.cnf,WalkSAT_Optimized,819,8829,UNSAT,1.4905
sudoku_realistic_30.cnf,WalkSAT_Optimized,819,8829,UNSAT,1.4779
sudoku_realistic_31.cnf,WalkSAT_Optimized,819,8829,UNSAT,1.3589
sudoku_realistic_32.cnf,WalkSAT_Optimized,819,8829,UNSAT,1.4458
sudoku_realistic_33.cnf,WalkSAT_Optimized,819,8829,UNSAT,1.5363
sudoku_realistic_34.cnf,WalkSAT_Optimized,819,8829,UNSAT,1.4147
sudoku_realistic_36.cnf,WalkSAT_Optimized,819,8829,SAT,1.0764
sudoku_realistic_35.cnf,WalkSAT_Optimized,819,8829,UNSAT,1.3739
sudoku_realistic_37.cnf,WalkSAT_Optimized,819,8829,UNSAT,1.456
sudoku_realistic_38.cnf,WalkSAT_Optimized,819,8829,UNSAT,1.479
sudoku_realistic_39.cnf,WalkSAT_Optimized,819,8829,UNSAT,1.4312
sudoku_realistic_4.cnf,WalkSAT_Optimized,819,8829,UNSAT,1.6194
sudoku_realistic_40.cnf,WalkSAT_Optimized,819,8829,UNSAT,1.4491
sudoku_realistic_41.cnf,WalkSAT_Optimized,819,8829,UNSAT,1.5214
sudoku_realistic_42.cnf,WalkSAT_Optimized,819,8829,UNSAT,1.5708
sudoku_realistic_43.cnf,WalkSAT_Optimized,819,8829,UNSAT,1.5364
sudoku_realistic_44.cnf,WalkSAT_Optimized,819,8829,UNSAT,1.5885
sudoku_realistic_45.cnf,WalkSAT_Optimized,819,8829,UNSAT,1.2643
sudoku_realistic_46.cnf,WalkSAT_Optimized,819,8829,UNSAT,1.3807
sudoku_realistic_47.cnf,WalkSAT_Optimized,819,8829,UNSAT,1.5575
sudoku_realistic_48.cnf,WalkSAT_Optimized,819,8829,UNSAT,1.3516
sudoku_realistic_49.cnf,WalkSAT_Optimized,819,8829,UNSAT,1.3727
sudoku_realistic_5.cnf,WalkSAT_Optimized,819,8829,UNSAT,1.4869
sudoku_realistic_50.cnf,WalkSAT_Optimized,819,8829,UNSAT,1.3962
sudoku_realistic_51.cnf,WalkSAT_Optimized,819,8829,UNSAT,1.5299
sudoku_realistic_52.cnf,WalkSAT_Optimized,819,8829,UNSAT,1.488
sudoku_realistic_53.cnf,WalkSAT_Optimized,819,8829,UNSAT,1.4858
sudoku_realistic_54.cnf,WalkSAT_Optimized,819,8829,UNSAT,1.4872
sudoku_realistic_55.cnf,WalkSAT_Optimized,819,8829,UNSAT,1.4143
sudoku_realistic_56.cnf,WalkSAT_Optimized,819,8829,UNSAT,1.4523
sudoku_realistic_57.cnf,WalkSAT_Optimized,819,8829,UNSAT,1.4022
sudoku_realistic_58.cnf,WalkSAT_Optimized,819,8829,UNSAT,1.5661
sudoku_realistic_59.cnf,WalkSAT_Optimized,819,8829,UNSAT,1.5828
sudoku_realistic_6.cnf,WalkSAT_Optimized,819,8829,UNSAT,1.7257
sudoku_realistic_60.cnf,WalkSAT_Optimized,819,8829,UNSAT,1.6455
sudoku_realistic_61.cnf,WalkSAT_Optimized,819,8829,UNSAT,1.5965
sudoku_realistic_62.cnf,WalkSAT_Optimized,819,8829,UNSAT,1.6785
sudoku_realistic_63.cnf,WalkSAT_Optimized,819,8829,UNSAT,1.6405
sudoku_realistic_64.cnf,WalkSAT_Optimized,819,8829,UNSAT,1.5988
sudoku_realistic_65.cnf,WalkSAT_Optimized,819,8829,UNSAT,1.5714
sudoku_realistic_66.cnf,WalkSAT_Optimized,819,8829,UNSAT,1.3505
sudoku_realistic_67.cnf,WalkSAT_Optimized,819,8829,UNSAT,1.4295
sudoku_realistic_68.cnf,WalkSAT_Optimized,819,8829,UNSAT,1.3834
sudoku_realistic_69.cnf,WalkSAT_Optimized,819,8829,UNSAT,1.4281
sudoku_realistic_7.cnf,WalkSAT_Optimized,819,8829,UNSAT,1.6204
sudoku_realistic_70.cnf,WalkSAT_Optimized,819,8829,UNSAT,1.6449
sudoku_realistic_71.cnf,WalkSAT_Optimized,819,8829,UNSAT,1.5674
sudoku_realistic_72.cnf,WalkSAT_Optimized,819,8829,UNSAT,1.5081
sudoku_realistic_73.cnf,WalkSAT_Optimized,819,8829,UNSAT,1.6748
sudoku_realistic_74.cnf,WalkSAT_Optimized,819,8829,UNSAT,1.4795
sudoku_realistic_75.cnf,WalkSAT_Optimized,819,8829,UNSAT,1.5489
sudoku_realistic_76.cnf,WalkSAT_Optimized,819,8829,UNSAT,1.3856
sudoku_realistic_77.cnf,WalkSAT_Optimized,819,8829,UNSAT,1.4677
sudoku_realistic_78.cnf,WalkSAT_Optimized,819,8829,UNSAT,1.6308
sudoku_realistic_79.cnf,WalkSAT_Optimized,819,8829,UNSAT,1.5134
sudoku_realistic_8.cnf,WalkSAT_Optimized,819,8829,UNSAT,1.662
sudoku_realistic_80.cnf,WalkSAT_Optimized,819,8829,UNSAT,1.5079
sudoku_realistic_81.cnf,WalkSAT_Optimized,819,8829,UNSAT,1.4124
sudoku_realistic_82.cnf,WalkSAT_Optimized,819,8829,UNSAT,1.5259
sudoku_realistic_83.cnf,WalkSAT_Optimized,819,8829,UNSAT,1.4609
sudoku_realistic_84.cnf,WalkSAT_Optimized,819,8829,UNSAT,1.4434
sudoku_realistic_85.cnf,WalkSAT_Optimized,819,8829,UNSAT,1.3779
sudoku_realistic_86.cnf,WalkSAT_Optimized,819,8829,UNSAT,1.4734
sudoku_realistic_87.cnf,WalkSAT_Optimized,819,8829,UNSAT,1.4783
sudoku_realistic_88.cnf,WalkSAT_Optimized,819,8829,UNSAT,1.3862
sudoku_realistic_89.cnf,WalkSAT_Optimized,819,8829,UNSAT,1.4451
sudoku_realistic_9.cnf,WalkSAT_Optimized,819,8829,UNSAT,1.4467
sudoku_realistic_90.cnf,WalkSAT_Optimized,819,8829,UNSAT,1.4962
sudoku_realistic_91.cnf,WalkSAT_Optimized,819,8829,UNSAT,1.5532
sudoku_realistic_92.cnf,WalkSAT_Optimized,819,8829,UNSAT,1.4522
sudoku_realistic_93.cnf,WalkSAT_Optimized,819,8829,UNSAT,1.5081
sudoku_realistic_94.cnf,WalkSAT_Optimized,819,8829,UNSAT,1.4459
sudoku_realistic_95.cnf,WalkSAT_Optimized,819,8829,UNSAT,1.4178
sudoku_realistic_96.cnf,WalkSAT_Optimized,819,8829,UNSAT,1.4039
sudoku_realistic_97.cnf,WalkSAT_Optimized,819,8829,UNSAT,1.4945
sudoku_realistic_98.cnf,WalkSAT_Optimized,819,8829,UNSAT,1.42
sudoku_realistic_99.cnf,WalkSAT_Optimized,819,8829,UNSAT,1.2934
